term	DO217786	DO217787	DO217788	DO217826	DO217844	DO217865	DO217907	DO217908	DO217931	DO217939	DO217953	DO217962	DO217987	DO218059	DO218062	DO218072	DO218121	DO218150	DO218159	DO218167	DO218168	DO218173	DO218174	DO218176	DO218182	DO218205	DO218212	DO218254	DO218269	DO218279	DO218333	DO218347	DO218377	DO218384	DO218388	DO218404	DO218408	DO218419	DO218428	DO218457	DO218478	DO218488	DO218489	DO218502	DO218506	DO218553	DO218560	DO218573	DO218583	DO218605	DO218611	DO218621	DO218651	DO218656	DO218669	DO218698	DO218709	DO218719	DO218742	DO218770	DO218796	DO218827	DO218828	DO218831	DO220820	DO220822	DO220823	DO220824	DO220825	DO220826	DO220827	DO220828	DO224547	DO224553	DO224557	DO224560	DO224565	DO224569	DO224573	DO224577	DO224582	DO224585	DO224588	DO224590	DO224593	DO224598	DO224600	DO224602	DO224606	DO224609	DO224614	DO224618	DO224625	DO224634	DO224640	DO224643	DO224647	DO224650	DO224654	DO224658	DO224662	DO224667	DO224670	DO224676	DO224680	DO224684	DO224687	DO224693	DO224697	DO224700	DO224704	DO224709	DO224713	DO224717	DO224722	DO224728	DO224730	DO224732	DO224737	DO224741	DO224746	DO224751	DO224755	DO224763	DO224765	DO224768	DO224781	DO224788	DO224793	DO224798	DO224802	DO224805	DO224807	DO224811	DO224815	DO224818	DO224824	DO224828	DO224833	DO224835	DO224839	DO224841	DO224844	DO224847	DO224851	DO224852	DO224855	DO224860	DO224865	DO224869	DO224874	DO224876	DO224879	DO224882	DO224885	DO224887	DO224892	DO224895	DO224897	DO224900	DO224904	DO224905	DO224910	DO224911	DO224914	DO224917	DO224920	DO224925	DO224928	DO224930	DO224934	DO224938	DO224942	DO224944	DO224948	DO224950	DO224955	DO224957	DO224959	DO224961	DO224963	DO224965	DO224967	DO224968	DO224971	DO224973	DO224975	DO224977	DO224978	DO224980	DO224982	DO224985	DO224987	DO224989	DO224990	DO224992	DO224995	DO224996	DO224999	DO225001	DO225002	DO225004	DO225005	DO225007	DO225009	DO225012	DO225013	DO225015	DO225017	DO225019	DO225022	DO225023	DO225025	DO225028	DO225030	DO225032	DO225034	DO225035	DO225037	DO225039	DO225042	DO225044	DO225046	DO225048	DO225049	DO225051	DO225054	DO225056	DO225058	DO225059	DO225061	DO225063	DO225065	DO225067	DO225070	DO225072	DO225074	DO225076	DO225077	DO225078	DO225079	DO225080	DO225081	DO225082	DO225083	DO225084	DO225085	DO225086	DO225087	DO225088	DO225089	DO225090	DO225091	DO225092	DO225093	DO225094	DO225095	DO225096	DO225097	DO225098	DO225099	DO225100	DO225101	DO225102	DO225103	DO225104	DO225105	DO225106	DO225107	DO225108	DO225109	DO225110	DO225111	DO225112	DO225113	DO225114	DO225115	DO225116	DO225117	DO225118	DO225119	DO225120	DO225121	DO225122	DO225123	DO225124	DO225125	DO225126	DO225127	DO225128	DO225129	DO225130	DO225131	DO225132	DO225133	DO225134	DO225135	DO225136	DO225137	DO225138	DO225139	DO225140	DO225141	DO225142	DO225143	DO225144	DO225145	DO225146	DO225147	DO225148	DO225149	DO225150	DO225151	DO225152	DO225153	DO225154	DO225155	DO225156	DO225157	DO225158	DO225159	DO225160	DO225161	DO225162	DO225163	DO225164	DO225165	DO225166	DO225167	DO225168	DO225169	DO225170	DO225171	DO225172	DO225173	DO225174	DO225175	DO225176	DO225177	DO225178	DO225179	DO225180	DO225181	DO225182	DO225183	DO225184	DO225185	DO225186	DO225187	DO225188	DO225189	DO225190	DO225191	DO225192	DO225193	DO225194	DO225195	DO225196	DO225197	DO225198	DO225199	DO225200	DO225201	DO225202	DO225203	DO225204	DO225205	DO225206	DO225207	DO225208	DO225209	DO225210	DO225211	DO225212	DO225213	DO225214	DO225215	DO225216	DO225217	DO225218	DO225219	DO225220	DO225221	DO225222	DO225223	DO225224	DO225225	DO225226	DO225227	DO225228	DO225229	DO225230	DO225231	DO225232	DO225233	DO225234	DO225235	DO225236	DO225237	DO225238	DO225239	DO225240	DO225241	DO225242	DO225243	DO225244	DO225245	DO225246	DO225247	DO225248	DO225249	DO225250	DO225251	DO225252	DO225253	DO225254	DO225255	DO225256	DO225257	DO225258	DO225259	DO225260	DO225261	DO225262	DO225263	DO225264	DO225265	DO225266	DO225267	DO225268	DO225269	DO225270	DO225271	DO225272	DO225273	DO225274	DO225275	DO225276	DO225277	DO225278	DO225279	DO225280	DO225281	DO225282	DO225283	DO225284	DO225285	DO225286	DO225287	DO225288	DO225289	DO225290	DO225291	DO225292	DO225293	DO225294	DO225295	DO225296	DO225297	DO225298	DO225299	DO225300	DO225301	DO225302	DO225303	DO225304	DO225305	DO225306	DO225307	DO225308	DO225309	DO225310	DO225311	DO225312	DO225313	DO225314	DO225315	DO225316	DO225317	DO225318	DO225319	DO225320	DO225321	DO225322	DO225323	DO225324	DO225325	DO225326	DO225327	DO225328	DO225329	DO225330	DO225331	DO225332	DO225333	DO225334	DO225335	DO225336	DO225337	DO225338	DO225339	DO225340	DO225341	DO225342	DO225343	DO225344	DO225345	DO225346	DO225347	DO225348	DO225349	DO225350	DO225351	DO225352	DO225353	DO225354	DO225355	DO225356	DO225357	DO225358	DO225359	DO225360	DO225361	DO225362	DO225363	DO225364	DO225365	DO225366	DO225367	DO225368	DO225369	DO225370	DO225371	DO225372	DO225373	DO225374	DO225375	DO225376	DO225377	DO225378	DO225379	DO225380	DO225381	DO225382	DO225383	DO225384	DO225385	DO225386	DO225387	DO225388	DO225389	DO225390	DO225391	DO225392	DO225393	DO225394	DO225395	DO225396	DO225397	DO225398
del:<10kb:0-1	0	1	2	3	0	1	4	0	2	0	0	0	0	0	0	0	0	7	3	0	51	1	0	2	0	1	8	2	13	1	19	0	0	1	1	2	0	11	4	0	0	1	2	3	0	0	1	2	0	1	0	0	2	14	5	1	6	1	2	0	2	0	0	0	0	0	22	0	0	18	4	4	9	10	4	0	19	3	8	0	0	2	1	6	8	6	16	21	1	0	5	2	4	2	8	3	0	7	13	7	1	14	8	10	7	14	4	13	4	28	19	20	8	5	1	0	8	3	4	0	10	6	14	5	4	2	3	0	13	1	33	34	0	0	4	7	3	0	0	2	7	2	2	12	3	3	5	8	4	4	0	10	1	2	25	0	7	5	2	8	12	9	1	6	2	2	4	6	1	2	10	13	18	5	1	2	1	21	4	16	2	1	3	2	9	6	0	4	1	12	12	1	17	14	0	0	0	1	7	0	6	24	13	0	5	18	20	0	9	1	1	10	2	21	15	0	2	5	2	1	15	1	4	13	0	0	1	8	0	5	0	0	28	1	1	19	0	1	0	0	15	0	11	0	10	0	0	2	0	0	12	11	4	1	1	0	2	1	0	0	0	0	0	0	4	3	14	13	8	0	1	0	1	23	2	0	4	5	6	3	1	3	15	0	1	1	0	0	1	0	0	2	1	2	9	6	0	2	1	0	3	4	2	0	0	0	1	0	1	0	0	1	2	0	0	3	1	1	0	1	1	3	0	1	11	1	0	1	11	8	27	3	3	3	0	0	2	0	0	1	0	0	0	2	1	0	1	1	2	3	1	1	6	16	13	10	27	0	0	0	0	0	2	2	0	2	1	0	1	3	10	0	0	0	9	2	16	1	1	2	1	4	0	0	2	5	1	6	0	11	0	2	1	5	2	3	0	0	1	1	0	0	0	1	8	6	1	1	0	2	26	0	0	5	1	0	0	0	0	8	3	0	2	0	0	1	1	0	1	0	1	0	0	0	0	2	0	0	2	34	0	12	1	7	4	3	1	5	0	4	0	0	0	0	0	3	1	1	0	0	10	1	0	0	0	0	2	0	1	0	0	0	0	1	0	0	0	0	1	11	4	11	1	6	0	0	13	0	0	15	3	7	15	7	3	2	8	8	0	5	5	2	0	0	18	3	2	0	8	3	0	3	6	23	0	2	2	7	8	4	2	4	5	0	7	1	2	0	0	14	2	2	2	0	1	3	6	0	1	0	0	0	3	6	3	0	4	6	2	1	0	3	0	2	2	1	2	2	0	5
del:<10kb:2-5	1	0	0	0	0	1	7	0	2	0	0	0	0	0	2	0	0	17	3	1	43	0	0	1	0	0	14	0	18	1	31	0	0	0	0	1	0	15	5	0	0	0	0	1	0	1	0	1	0	1	1	1	1	14	6	0	3	0	1	0	1	0	0	1	0	0	20	0	5	27	3	0	5	15	4	0	18	4	9	2	2	2	0	10	15	12	23	20	0	0	1	2	3	6	5	0	0	4	12	10	7	20	18	4	13	20	11	9	1	33	11	26	9	14	0	0	11	5	4	0	12	1	8	19	12	0	1	1	16	1	28	77	2	2	1	8	1	0	0	0	0	4	3	6	7	7	4	10	13	2	0	14	5	0	17	0	14	6	2	4	8	5	2	4	0	0	0	4	0	0	2	13	16	2	0	2	1	24	3	22	0	1	7	2	6	3	0	3	2	17	3	2	12	9	1	0	1	1	1	1	11	17	25	0	5	34	25	0	5	4	0	10	0	10	21	3	1	2	0	1	16	0	3	11	0	0	2	3	0	0	1	0	26	7	4	12	0	0	0	2	5	0	17	0	13	1	1	6	0	1	5	3	5	0	0	2	2	2	0	0	0	0	1	0	2	0	15	11	8	0	2	0	2	17	2	0	1	0	6	1	1	2	27	0	0	0	0	0	2	0	1	1	0	2	3	4	0	0	3	0	0	4	1	0	0	0	0	0	2	0	0	1	0	1	0	2	0	1	0	3	0	6	0	0	16	2	0	4	19	8	31	4	0	4	0	3	1	1	1	0	2	0	1	7	1	0	2	2	1	9	0	1	0	18	10	1	15	2	0	0	1	0	3	1	0	1	0	0	1	1	17	0	0	0	6	3	7	1	5	2	0	3	0	0	2	5	2	4	0	13	0	1	1	0	0	0	0	0	0	0	0	0	0	1	2	7	0	0	0	1	24	0	0	1	3	0	0	1	0	1	1	0	2	0	1	0	1	0	0	1	0	4	0	0	0	1	0	0	0	32	0	14	1	9	7	0	0	7	1	2	0	0	0	0	1	2	0	2	1	0	9	1	0	0	0	0	1	0	0	1	0	0	0	2	0	0	0	0	0	6	1	8	0	9	1	2	13	0	1	10	0	4	24	5	1	2	9	12	2	4	13	6	2	0	29	10	6	0	13	14	0	6	10	23	0	1	0	1	10	3	1	20	5	0	7	3	2	1	2	12	2	3	4	0	1	1	2	0	0	1	0	0	1	6	0	0	1	4	2	1	0	4	2	2	0	2	1	2	0	1
del:<10kb:>5	0	0	0	1	0	0	1	0	1	0	0	0	0	0	0	0	0	1	0	0	0	0	0	0	0	0	1	0	2	0	2	0	0	0	0	0	0	7	0	0	0	0	0	0	0	0	0	0	0	0	0	0	0	3	0	0	1	0	0	0	0	0	0	0	0	0	0	0	0	4	0	0	0	4	0	0	3	1	0	0	0	0	0	3	3	3	3	1	1	0	0	0	1	1	0	0	0	0	0	0	0	1	2	0	2	1	1	1	0	8	8	1	0	2	0	0	1	0	0	0	0	0	0	2	1	0	0	0	1	0	0	5	0	1	0	2	1	0	0	0	0	0	1	0	1	1	0	1	1	0	0	0	0	0	3	0	0	1	0	1	0	1	0	1	0	0	0	0	3	0	0	0	3	0	0	1	0	1	0	1	0	0	0	1	1	1	0	0	0	1	0	0	2	1	0	0	0	0	1	0	1	2	1	0	1	4	3	0	0	0	0	1	0	1	2	2	0	1	0	0	2	1	0	1	0	0	0	0	0	1	0	0	1	3	0	2	0	0	0	0	0	0	2	0	2	0	0	1	0	0	0	0	0	0	0	0	0	0	0	0	0	0	0	0	0	1	0	0	1	1	0	0	0	1	0	0	0	0	1	0	0	2	1	0	0	0	0	0	1	0	0	0	0	0	0	0	0	0	0	0	0	0	0	0	0	0	0	0	1	0	0	0	0	0	1	0	0	0	0	0	0	0	0	0	0	0	0	1	2	1	0	0	0	0	0	0	0	0	0	0	0	0	0	0	0	0	0	1	0	3	0	0	0	1	0	1	0	0	0	0	0	0	1	0	0	0	0	0	0	0	2	0	0	0	1	1	0	0	0	0	0	1	0	0	0	0	0	0	0	0	0	0	0	1	0	0	0	0	0	0	0	0	0	0	0	0	2	0	0	1	2	0	0	0	0	0	0	0	0	1	0	0	0	0	0	0	0	0	0	0	0	0	0	0	0	0	0	0	0	1	0	0	0	3	0	0	0	1	1	1	0	0	0	0	0	0	0	0	0	0	2	0	0	0	0	0	0	0	0	0	0	0	0	0	0	0	0	0	0	0	0	1	0	2	0	0	1	0	1	0	0	1	1	0	0	0	1	1	1	0	1	0	0	0	0	0	0	0	0	0	0	0	0	4	0	0	0	0	1	1	0	1	0	0	0	0	0	0	0	4	0	0	1	0	0	1	0	0	0	0	0	0	0	0	0	0	0	0	0	0	0	0	0	0	0	0	0	0	0	0
del:10kb-100kb:0-1	1	0	3	1	0	2	17	1	2	0	0	0	0	2	0	0	0	10	3	1	7	0	0	1	0	0	5	1	6	2	11	1	2	0	1	0	0	10	4	0	0	0	0	0	0	0	0	1	0	1	0	0	2	2	1	1	2	0	1	0	1	0	0	0	0	0	12	0	0	5	7	3	1	9	4	0	10	5	4	0	0	3	1	11	15	12	3	14	3	1	5	2	2	8	10	0	0	7	3	9	7	14	16	7	5	6	14	1	2	16	2	18	3	4	0	0	8	1	6	3	5	4	10	4	10	0	6	0	12	1	6	8	1	1	2	3	2	0	0	2	2	4	5	8	2	6	2	5	1	5	0	4	1	1	4	0	0	3	0	4	6	3	2	4	2	1	0	6	3	0	10	3	3	2	1	6	1	10	2	12	0	2	6	2	3	8	1	4	3	9	3	1	8	10	0	0	0	1	4	0	10	12	39	1	5	10	24	0	3	2	0	14	2	13	6	3	1	5	3	0	8	2	1	3	0	0	4	3	2	3	0	0	14	16	3	15	0	1	0	0	3	0	9	1	3	0	0	9	0	1	5	3	2	1	0	1	1	1	0	1	0	0	1	0	6	0	4	6	9	0	1	0	1	23	0	0	4	1	3	2	5	0	6	0	3	1	0	0	2	0	0	0	0	1	8	4	0	2	1	1	0	3	0	1	0	0	0	0	2	0	1	4	0	0	1	3	0	0	0	2	1	4	0	0	5	0	0	4	3	4	14	20	0	2	0	2	1	2	1	1	1	1	1	0	2	0	3	6	1	7	2	5	2	6	17	4	9	4	0	0	0	0	1	0	0	1	0	0	0	5	9	0	0	0	7	3	3	0	3	0	2	4	0	0	6	11	0	5	0	8	0	1	0	1	1	1	0	0	0	0	0	0	0	4	4	11	0	0	0	0	17	0	0	1	1	0	0	0	0	7	0	0	1	0	0	2	1	0	3	2	0	2	0	0	0	1	0	0	0	9	2	11	2	16	5	0	1	10	2	3	0	0	0	2	1	4	0	2	0	0	9	4	0	0	0	1	5	0	0	2	4	0	0	0	0	0	1	0	1	2	4	2	1	10	1	1	11	0	0	6	2	2	6	11	0	1	2	8	2	4	9	5	0	0	9	3	4	1	4	8	1	8	2	19	0	0	2	4	6	3	0	8	3	0	3	1	0	0	0	7	3	1	2	1	2	0	4	1	0	1	0	0	0	3	0	0	2	1	7	0	2	12	0	1	1	0	0	1	0	1
del:10kb-100kb:2-5	0	2	0	0	0	0	7	1	1	1	0	0	1	1	1	0	0	4	0	0	4	0	0	1	0	0	4	0	8	1	11	1	0	0	1	3	0	12	4	0	0	0	1	2	0	0	0	3	0	0	0	0	2	5	2	0	3	1	1	0	0	0	0	1	0	0	12	0	0	6	5	3	1	13	4	2	6	5	12	0	0	4	1	4	12	18	9	21	1	0	1	3	1	3	4	0	0	0	3	3	5	15	12	4	1	6	24	11	3	25	3	14	6	10	0	0	8	0	3	2	1	3	4	7	13	0	8	1	13	5	7	12	1	0	2	3	0	0	1	2	2	5	3	4	2	6	1	5	9	6	0	11	2	1	5	0	6	4	0	13	3	3	3	2	1	0	1	1	1	0	8	4	8	1	0	2	2	7	0	8	0	2	10	4	4	7	0	2	4	12	2	0	8	7	0	0	0	0	3	0	5	18	22	0	13	10	26	2	7	0	2	13	1	6	14	2	1	0	0	0	14	1	0	3	0	0	2	4	0	0	0	0	11	12	5	9	0	0	0	2	4	0	25	0	7	0	1	6	0	0	5	1	1	1	2	1	0	1	0	0	0	0	0	0	5	1	11	7	11	1	1	0	1	16	1	1	0	1	5	3	7	0	6	0	0	0	0	0	0	0	0	0	0	0	2	2	0	0	1	0	0	1	0	0	0	0	0	0	0	0	0	0	0	0	1	1	0	1	0	1	0	4	0	0	6	3	0	1	1	2	32	7	1	0	0	3	1	2	0	0	0	1	0	1	0	0	1	0	0	7	2	1	1	11	9	2	10	5	0	0	0	0	5	1	0	3	0	0	0	1	11	0	0	4	15	2	4	2	2	0	0	6	0	0	1	9	0	4	1	9	0	1	0	0	0	0	0	0	0	0	0	0	0	0	6	3	1	1	0	0	43	0	0	3	1	0	1	0	0	3	1	0	1	0	0	0	0	0	2	0	0	1	0	0	0	1	0	0	1	18	0	23	7	12	3	0	1	4	1	3	0	0	0	0	0	2	0	2	1	0	3	0	0	0	0	2	3	0	0	0	1	0	0	0	0	0	0	0	0	4	2	1	1	13	0	0	14	1	0	9	1	2	6	10	2	1	5	14	0	5	11	4	0	1	13	2	3	1	3	15	2	3	4	27	0	1	0	0	6	1	1	5	0	0	6	1	4	3	1	4	2	2	4	0	2	0	4	1	0	1	1	0	0	4	1	1	6	0	1	0	2	8	1	0	0	0	3	2	1	1
del:10kb-100kb:>5	0	0	0	0	0	0	0	0	0	0	0	0	0	0	0	0	0	2	0	0	0	0	0	0	0	0	0	0	1	0	1	0	0	0	0	0	0	7	0	0	0	0	0	0	0	0	0	0	0	0	0	0	0	0	0	0	1	0	0	0	0	0	0	0	0	0	0	0	0	0	1	0	1	1	0	1	1	0	0	0	0	1	0	0	1	1	0	1	0	0	0	0	0	0	0	0	1	0	0	0	0	2	1	1	0	1	3	0	0	9	1	1	0	1	0	0	5	0	0	0	0	0	0	1	1	0	0	0	0	0	1	0	0	0	0	1	0	0	0	0	0	1	0	0	0	2	0	1	1	0	0	0	0	0	0	0	0	1	0	0	0	0	0	1	0	0	0	0	0	0	0	0	1	0	0	1	1	2	0	0	0	0	0	0	2	1	0	0	0	1	0	0	0	1	0	0	0	0	0	0	0	0	5	0	0	0	1	0	0	0	0	2	0	3	2	0	0	0	0	0	1	0	0	1	0	0	0	0	0	0	0	0	3	2	1	0	0	0	0	0	0	0	0	0	0	0	0	2	0	0	0	2	0	0	0	0	0	0	0	0	0	0	0	0	0	0	0	0	0	0	0	0	0	4	0	0	0	0	0	1	0	0	0	0	0	0	0	0	0	0	0	0	0	0	1	1	0	0	0	0	0	0	0	0	0	0	0	0	1	0	0	0	0	0	0	0	0	0	0	0	0	0	0	0	0	0	0	0	0	0	0	0	0	0	0	1	0	0	0	0	0	0	0	0	0	0	0	0	0	1	0	0	0	0	0	0	0	0	0	0	0	0	0	0	0	0	0	0	0	0	0	0	0	0	2	0	0	0	0	0	1	0	0	0	0	1	0	0	0	1	0	0	0	0	0	0	0	0	0	0	0	0	0	0	1	0	0	0	0	0	1	0	0	0	0	0	0	0	0	0	0	0	0	0	0	0	0	0	0	0	0	0	0	0	0	0	0	0	1	2	0	1	0	3	0	0	0	0	0	0	0	0	0	0	0	0	0	0	0	0	1	0	0	0	0	0	0	0	0	0	1	0	0	0	0	0	0	0	0	0	0	0	0	0	0	0	2	0	0	0	0	0	6	0	0	0	0	2	0	0	1	0	0	0	0	1	0	0	0	1	0	0	0	2	0	0	0	1	1	0	0	0	0	0	1	0	0	0	0	2	0	0	0	0	0	0	0	0	0	0	0	0	0	2	0	0	2	0	0	0	0	2	0	0	0	0	0	0	0	1
del:100kb-1Mb:0-1	0	2	3	0	0	0	10	1	6	0	0	0	3	1	1	0	0	2	3	1	5	0	0	3	0	1	1	3	0	7	5	1	3	2	1	3	0	0	6	0	0	1	1	2	0	2	0	8	1	1	1	1	4	0	0	1	3	0	3	0	3	0	3	2	0	0	4	0	1	3	7	2	0	2	0	0	1	1	16	0	1	1	1	21	4	7	0	1	1	1	2	1	4	15	7	1	1	5	4	0	5	7	11	0	0	1	2	0	1	3	0	10	1	3	0	0	1	0	8	3	3	1	3	2	6	0	2	1	6	3	10	1	3	1	3	0	3	0	3	9	6	8	6	9	1	5	1	1	4	0	1	2	0	1	8	0	2	13	4	5	2	0	5	6	2	1	5	12	4	2	13	4	0	0	0	4	4	5	1	4	1	10	11	11	3	4	1	1	4	6	5	2	2	5	1	2	1	3	5	0	4	2	28	0	6	7	20	1	0	0	2	5	7	12	1	2	8	9	1	3	6	2	0	4	0	0	7	6	1	8	2	0	4	5	2	18	0	0	0	4	4	0	15	0	4	0	3	7	0	1	3	7	7	0	0	0	0	7	0	0	0	0	0	0	9	3	1	1	7	1	3	0	2	4	1	0	0	1	20	4	5	4	10	0	3	1	0	0	4	1	1	2	0	2	7	9	0	1	1	0	3	1	1	1	0	0	5	1	6	0	0	5	1	0	3	1	2	1	1	7	3	9	1	2	1	1	0	5	1	2	6	3	0	1	0	1	1	2	1	0	1	0	3	1	7	1	2	2	2	10	3	4	5	10	5	5	2	9	0	0	2	0	4	1	0	1	1	2	0	5	22	0	0	4	9	11	4	4	8	3	8	12	0	0	26	9	0	11	1	10	0	6	0	1	0	2	1	0	1	0	1	0	0	1	16	7	1	0	0	0	7	1	1	3	6	0	2	0	0	12	4	1	6	0	4	2	1	3	5	3	0	3	0	2	0	1	0	0	1	2	3	19	3	10	6	2	3	11	3	7	0	1	0	2	3	0	1	5	0	1	1	3	0	0	0	1	6	3	0	1	1	0	0	2	0	0	0	0	1	2	6	0	0	1	6	2	0	1	1	0	2	0	1	3	3	0	4	3	0	10	0	5	0	0	6	2	1	2	6	2	1	2	0	5	0	0	1	6	6	6	0	5	0	1	1	3	7	1	4	8	8	5	3	7	5	3	4	0	1	2	1	1	0	4	0	3	5	8	2	1	5	11	0	5	3	1	0	7	0	5
del:100kb-1Mb:2-5	0	0	1	0	1	1	10	0	5	0	0	0	2	0	1	0	0	1	0	2	4	0	0	2	0	0	1	1	4	1	0	5	0	1	0	4	0	1	2	0	0	0	1	2	0	2	0	3	1	1	0	0	6	0	0	2	1	0	2	0	1	0	1	1	0	1	7	0	0	1	7	1	0	0	1	1	0	1	6	0	1	1	5	11	1	11	1	7	2	0	2	1	4	3	7	1	3	3	2	1	11	12	8	2	1	3	5	1	0	2	2	6	0	4	1	0	1	1	5	3	4	3	5	2	3	0	5	2	5	2	5	2	2	0	2	1	0	0	0	8	4	4	7	3	0	8	1	4	2	1	0	5	1	1	3	0	2	9	3	7	2	0	3	4	3	1	2	3	3	0	7	1	0	4	2	2	2	5	0	4	1	4	7	8	1	3	3	3	1	5	3	2	4	3	0	0	2	2	2	0	0	6	20	0	8	3	28	3	4	4	1	9	6	12	4	2	2	4	3	3	1	2	0	0	1	0	6	7	1	3	2	0	2	7	3	12	0	0	0	2	4	0	11	0	1	0	2	7	0	3	3	0	2	1	1	1	2	5	0	0	0	0	0	0	4	3	1	2	5	1	2	1	1	9	0	0	4	2	7	5	1	1	5	0	0	0	0	0	0	0	4	0	1	2	5	5	0	0	0	0	2	4	3	1	0	0	0	0	2	0	0	3	1	1	0	2	0	0	0	3	1	0	1	2	3	0	0	1	0	0	5	8	0	0	0	1	3	2	0	0	1	0	1	1	3	1	2	6	1	6	1	3	2	5	3	1	4	5	0	0	2	0	1	0	0	1	0	0	0	7	4	0	0	1	8	5	0	4	7	0	1	3	0	0	3	8	0	7	1	9	1	3	0	0	0	0	0	0	0	1	0	0	0	2	8	4	3	1	0	0	3	0	3	1	5	0	1	0	0	5	4	1	2	0	0	0	0	0	2	2	0	0	0	1	0	0	0	0	1	3	1	15	1	15	7	0	2	5	0	3	0	0	1	1	0	0	0	2	0	0	0	1	0	0	0	0	3	2	0	0	0	0	0	2	0	0	0	0	0	0	1	2	1	2	3	2	2	0	2	3	2	0	2	3	2	0	1	0	0	6	0	2	0	0	4	1	1	0	1	4	0	5	0	4	0	1	0	0	3	4	2	12	0	2	1	1	8	2	0	3	3	6	0	2	2	4	5	1	1	1	2	0	0	0	0	1	4	3	0	2	1	22	2	2	0	0	0	8	1	2
del:100kb-1Mb:>5	0	0	0	0	0	1	1	0	0	0	0	0	0	0	0	0	0	0	0	0	0	0	0	0	0	0	0	0	0	0	0	0	0	0	0	0	0	0	0	0	0	0	0	0	0	0	0	0	0	1	0	0	0	0	0	0	0	0	0	0	0	0	0	0	0	0	1	0	1	0	1	1	0	0	0	0	0	0	1	0	0	0	0	0	0	0	0	0	0	0	0	0	0	1	0	0	0	0	0	0	0	0	0	0	0	0	0	0	0	0	0	0	0	0	0	0	0	0	0	0	0	0	0	0	0	0	1	0	0	0	2	0	1	0	0	0	0	0	0	0	0	0	0	0	0	1	0	0	0	0	0	1	0	0	0	0	0	0	0	1	0	0	0	0	0	0	0	0	0	0	0	0	1	0	1	0	0	1	0	1	0	0	0	0	0	0	0	0	0	1	0	0	1	0	0	0	0	0	0	0	0	0	0	0	0	0	0	1	0	0	0	0	0	0	0	0	0	0	0	0	0	0	0	0	0	0	2	0	0	0	0	0	0	0	1	0	0	1	0	0	0	0	1	0	0	0	0	0	0	0	0	1	0	0	0	0	0	0	0	0	0	0	0	0	0	0	0	0	0	0	0	0	0	0	1	0	0	0	0	2	0	0	0	0	0	0	0	0	0	0	0	0	0	0	0	0	0	0	0	0	1	1	1	0	0	0	0	0	0	0	0	0	0	0	0	0	0	0	0	0	0	0	0	0	0	0	0	0	0	0	0	0	0	0	0	0	0	0	0	1	0	0	0	0	0	0	0	0	0	0	1	1	0	0	0	0	1	1	0	0	0	0	0	0	0	0	0	0	0	0	0	0	0	0	2	1	0	0	0	0	0	1	0	0	0	0	0	1	0	0	0	0	0	1	0	0	0	0	0	0	0	0	0	0	0	0	0	0	0	0	0	0	0	0	0	0	0	0	0	0	0	0	0	0	0	0	0	0	0	0	0	0	0	0	0	0	0	0	0	1	0	0	0	0	1	0	0	0	0	0	0	0	0	0	0	0	0	0	0	0	0	0	0	0	0	0	0	0	0	0	0	0	0	0	0	0	0	0	0	1	0	0	0	0	0	0	0	0	0	1	0	0	0	1	0	0	1	0	0	0	0	0	0	0	0	0	0	0	0	0	0	0	1	0	0	0	0	0	1	0	0	0	0	0	0	0	1	0	0	1	0	0	0	0	0	0	0	0	0	0	0	0	0	0	0	0	1	0	0	0	0	1	1	0	0	0	0	1	0	0
del:1Mb-10Mb:0-1	3	1	3	0	0	2	16	0	7	0	0	0	10	1	3	0	0	4	4	0	21	0	0	7	0	1	2	3	8	8	1	4	0	1	0	3	0	5	8	0	1	1	0	8	0	1	0	4	0	5	2	0	10	1	1	2	9	1	11	2	7	0	7	3	0	2	2	0	3	4	34	5	1	9	2	0	0	1	1	0	4	0	6	20	10	1	0	8	9	3	13	5	5	1	6	2	2	11	1	2	4	4	2	7	0	0	3	2	0	11	2	1	2	1	2	0	0	1	18	3	2	0	0	3	3	1	3	2	1	12	8	4	9	0	19	2	9	0	2	11	6	15	8	4	1	1	3	3	1	0	0	2	1	3	4	0	0	10	2	2	1	1	0	2	3	4	10	22	8	1	14	3	0	2	0	5	11	1	12	3	2	19	31	16	1	0	2	9	1	1	3	0	8	1	1	0	0	2	15	0	3	1	13	0	5	8	2	5	2	5	1	12	9	10	2	2	10	11	3	1	5	1	0	2	1	0	14	14	3	4	3	0	0	7	1	7	0	4	0	9	4	0	2	1	1	0	0	3	0	2	0	1	11	1	4	2	2	7	0	0	0	0	1	0	4	0	2	5	5	3	6	0	1	7	1	3	5	9	31	19	7	8	20	0	1	3	0	0	5	0	2	0	1	4	12	11	2	2	2	0	0	2	0	1	0	0	7	0	8	0	0	7	0	0	3	3	3	7	0	6	3	1	1	3	3	5	0	9	1	1	4	7	0	1	2	0	3	4	2	0	2	1	4	2	11	0	5	13	6	11	7	16	8	2	3	7	3	10	0	1	2	0	2	0	0	3	1	1	0	7	19	0	0	1	8	13	4	10	20	1	6	17	0	0	11	17	0	10	1	2	0	6	0	1	1	2	0	0	2	1	1	0	0	5	35	5	2	0	0	2	4	0	2	9	10	0	2	0	1	12	10	2	8	0	4	2	4	3	5	5	0	5	0	1	1	7	0	0	1	1	7	7	2	9	30	1	11	3	1	10	0	0	0	0	2	4	0	6	3	0	1	3	0	0	1	2	10	2	0	3	1	2	0	0	0	0	1	0	0	1	8	2	2	3	5	7	0	0	2	3	9	0	4	0	7	0	2	3	0	9	3	2	0	1	4	5	2	0	0	0	0	13	0	0	1	1	0	6	1	1	1	5	3	0	0	2	11	1	4	6	6	2	0	4	11	2	12	0	0	3	4	0	0	1	0	3	5	2	5	4	4	4	4	11	3	4	2	11	0	2
del:1Mb-10Mb:2-5	1	3	6	0	0	4	5	0	5	0	0	0	5	0	0	0	0	2	1	0	13	0	0	2	0	0	0	0	1	2	0	5	0	0	0	2	0	1	4	0	0	3	0	1	0	3	1	2	0	4	2	0	6	0	1	1	4	2	8	0	4	0	3	1	0	0	0	0	0	1	21	4	0	6	0	2	0	1	0	0	0	0	6	14	1	1	2	3	0	0	8	2	1	1	5	1	4	5	0	0	7	3	0	2	0	9	2	0	0	8	1	3	2	0	0	0	1	0	8	0	1	1	0	2	1	0	1	0	2	8	3	2	2	0	9	1	0	1	3	6	6	18	4	4	0	4	1	0	1	1	1	1	1	0	5	0	0	9	0	2	0	0	3	1	1	2	7	16	6	1	14	5	1	1	1	2	3	1	7	2	2	5	7	9	0	2	2	8	0	2	0	0	6	1	1	1	2	2	6	0	1	2	7	2	1	5	1	3	0	4	0	9	4	4	1	3	9	9	1	1	0	3	0	1	1	0	11	12	0	4	2	0	2	1	1	7	0	1	0	5	3	0	0	2	4	0	0	1	0	0	2	1	3	4	3	2	1	5	0	0	0	0	0	0	1	0	1	5	5	2	2	0	1	6	1	1	2	4	18	11	2	4	5	0	3	1	0	0	2	0	0	0	1	2	5	13	0	2	3	1	1	2	0	0	0	0	1	0	9	0	0	5	1	2	0	4	0	3	1	5	5	2	1	1	5	0	0	9	1	2	4	4	1	0	1	1	4	1	0	0	1	0	1	0	8	0	7	3	4	5	8	6	6	2	0	4	1	1	0	0	7	0	2	1	0	1	1	2	0	7	10	0	0	0	3	9	2	0	9	1	3	12	0	0	4	7	0	7	0	0	0	2	0	1	1	2	0	0	0	0	2	0	0	5	25	1	2	0	0	1	2	0	1	4	8	0	2	0	2	3	2	0	4	0	0	0	1	2	1	4	0	3	1	0	0	2	0	0	1	6	6	1	1	3	13	1	5	1	2	7	0	0	0	0	0	1	0	2	1	0	0	1	0	0	0	0	7	0	0	4	0	0	0	0	1	0	0	0	0	0	4	2	2	2	1	8	1	2	2	3	11	0	2	1	0	3	0	1	0	4	0	3	1	0	1	0	1	0	1	0	1	5	0	0	0	1	0	2	0	0	0	3	3	0	0	1	5	0	0	4	6	0	1	2	2	3	11	1	0	0	0	0	0	1	1	1	4	3	1	0	1	5	4	2	1	0	0	16	0	2
del:1Mb-10Mb:>5	0	0	1	0	0	0	1	0	1	0	0	0	0	0	0	0	0	1	0	0	0	0	0	0	0	0	0	0	0	0	0	0	0	0	0	0	0	0	1	0	0	0	0	0	0	0	0	1	0	0	1	0	1	0	0	0	0	0	0	0	0	0	1	0	0	0	0	0	0	0	0	1	0	1	0	1	0	0	0	0	0	0	0	0	1	0	0	1	0	0	0	0	0	0	1	0	0	0	0	0	1	0	0	0	0	0	0	0	0	1	0	0	0	0	0	0	0	0	2	0	0	0	0	0	0	0	0	0	0	0	0	0	0	0	0	0	0	0	0	1	0	0	0	0	0	0	0	0	0	0	0	0	0	1	0	0	0	0	0	0	0	0	0	0	0	1	0	0	0	0	0	0	0	0	0	0	0	0	0	0	0	1	0	0	0	0	0	0	0	0	0	0	0	0	0	1	1	0	0	0	0	0	1	0	0	0	0	0	0	0	0	2	0	0	0	0	0	0	0	0	0	0	0	0	0	0	0	1	0	0	0	0	0	0	0	1	0	0	0	0	0	0	0	0	0	0	0	0	0	0	0	0	1	0	0	0	0	0	0	0	0	0	0	0	0	0	0	0	0	0	0	0	0	0	0	0	3	0	0	0	0	0	1	0	0	0	0	0	0	0	0	0	0	0	0	1	0	1	0	0	0	0	0	0	0	0	2	0	0	0	0	0	1	0	0	0	0	1	0	0	0	0	0	0	0	0	0	0	0	0	0	0	0	0	0	0	0	1	0	0	0	0	0	0	1	0	0	0	0	0	0	0	0	0	0	0	0	0	0	0	0	0	0	0	0	0	0	0	0	0	1	0	0	0	0	1	0	0	0	0	0	1	0	0	0	0	0	0	0	0	0	0	0	0	0	0	0	0	0	0	0	0	0	0	0	0	0	0	0	0	0	0	0	0	0	1	0	0	0	1	0	0	0	0	0	0	0	0	0	0	0	1	0	0	0	0	0	0	0	0	0	0	0	0	1	0	0	0	0	0	0	0	0	0	0	0	0	0	0	0	0	0	0	0	0	0	1	0	0	0	0	0	0	0	0	0	0	0	0	0	0	0	0	0	0	0	0	0	2	0	1	0	0	0	0	0	0	0	0	0	0	0	0	0	0	0	0	0	0	0	0	0	0	0	0	0	0	1	0	0	0	1	0	0	0	0	1	0	0	0	1	0	0	0	0	0	1	0	0	0	0	0	0	0	0	0	1	0	0	0	0	1	0	0	0	0	0	1	0	0
del:>10Mb:0-1	0	1	5	0	1	3	20	0	2	0	0	0	7	3	2	0	0	2	1	1	5	0	0	3	0	0	1	9	6	3	6	2	1	1	1	3	0	1	1	1	0	0	1	6	0	0	0	5	2	3	1	0	2	0	4	2	3	1	9	2	2	0	8	3	0	3	2	0	3	2	14	5	1	5	1	0	1	0	1	0	4	0	6	17	6	1	7	6	7	1	2	2	10	4	3	0	1	9	5	0	2	2	1	14	3	7	2	3	1	3	0	2	2	3	0	0	0	0	24	3	2	1	3	6	1	0	13	0	5	18	5	1	7	0	12	0	0	0	0	14	4	9	0	13	6	0	3	2	2	1	0	4	3	1	2	1	1	4	2	2	4	0	5	5	1	1	13	18	7	0	9	0	1	0	0	3	7	3	7	5	11	16	12	5	3	6	1	5	2	6	5	1	1	2	0	0	4	6	8	0	1	1	12	0	1	9	3	1	2	1	1	20	1	5	3	7	12	12	3	3	3	10	2	3	0	0	11	7	1	3	1	0	2	1	3	6	0	2	0	6	0	0	2	2	1	3	0	0	0	3	0	2	17	0	1	1	2	7	0	0	0	0	3	0	3	0	5	2	6	1	0	1	2	2	1	0	1	7	14	35	6	3	17	0	7	0	0	0	5	0	0	0	1	2	18	14	0	1	3	0	3	1	3	0	0	0	1	0	3	0	0	6	0	3	0	0	0	4	1	11	1	10	0	0	8	2	0	5	1	2	0	30	0	4	1	0	2	4	1	0	5	1	1	3	5	0	3	8	4	11	4	14	4	4	3	4	2	8	0	0	4	0	0	0	0	2	3	1	0	6	16	0	0	5	1	15	5	8	13	0	1	11	0	0	8	3	0	11	2	5	0	1	2	0	0	1	0	0	0	2	0	0	0	0	27	2	3	1	1	1	2	1	6	2	12	1	0	0	0	16	5	2	7	0	1	1	1	0	7	2	0	3	1	0	2	1	1	0	2	9	2	2	0	2	18	0	1	4	2	8	0	1	1	1	0	0	0	4	2	0	2	2	0	0	4	2	15	0	0	1	0	0	0	2	0	0	1	0	1	3	18	0	0	3	6	1	2	3	0	2	5	0	4	0	5	3	2	3	0	4	4	6	1	0	2	2	3	0	3	1	0	6	1	4	0	1	0	8	0	2	0	4	3	0	1	3	15	1	5	4	13	1	1	2	8	3	20	0	1	3	3	1	0	1	1	3	1	9	4	1	0	2	1	6	7	2	0	8	2	3
del:>10Mb:2-5	0	0	4	0	0	2	3	0	0	0	0	0	11	1	2	0	0	0	0	0	9	0	0	0	0	0	2	6	5	3	4	1	0	0	0	1	0	2	0	1	0	0	0	1	0	0	0	2	0	4	3	0	1	4	4	1	4	2	2	0	1	0	3	0	0	0	0	1	1	1	8	3	1	1	3	0	0	2	1	0	3	1	6	7	1	1	3	6	1	1	5	1	8	0	2	1	0	6	1	0	0	4	0	4	2	3	0	1	2	1	2	0	3	4	0	0	0	0	9	1	2	0	5	5	3	1	2	0	3	10	10	1	5	0	6	1	0	0	0	7	3	5	0	2	2	3	2	1	0	0	0	2	3	0	3	1	2	1	3	1	1	3	1	0	0	3	4	4	3	0	11	1	2	1	0	3	7	1	3	3	1	2	4	4	3	4	2	3	0	2	4	1	1	4	1	0	4	1	4	0	1	3	2	0	0	8	3	2	1	2	0	15	0	4	5	5	8	12	0	1	2	1	4	3	0	0	10	5	1	4	0	0	1	1	1	1	0	0	0	2	3	0	3	1	1	0	0	1	0	0	1	1	8	0	2	1	1	3	0	0	0	0	2	0	0	1	0	1	6	1	1	0	2	4	0	0	1	2	8	13	4	3	6	0	0	2	0	0	2	1	0	0	1	2	13	4	0	1	2	1	4	0	1	0	0	0	2	0	2	0	0	5	0	2	2	1	0	2	2	4	1	4	1	0	2	0	0	2	3	1	4	8	0	1	1	0	1	0	0	0	3	0	1	4	3	0	2	4	2	7	0	2	5	7	1	3	0	9	0	1	0	0	0	0	0	3	2	1	0	1	10	0	0	2	2	6	4	5	13	2	1	7	0	0	3	2	0	6	0	4	0	0	1	2	1	0	0	0	2	1	1	0	0	1	17	2	1	1	0	1	0	1	0	6	5	0	3	0	0	4	4	1	2	0	0	0	0	0	2	0	0	4	0	1	1	0	0	1	2	3	3	3	0	1	11	0	0	4	1	6	0	1	0	0	0	0	0	3	2	0	3	1	0	0	0	0	4	0	0	2	1	0	0	0	0	0	0	0	1	4	8	1	0	0	4	3	2	3	1	0	3	1	4	1	3	6	2	3	0	3	0	2	0	0	2	0	2	0	7	1	0	1	1	8	0	1	0	0	0	1	0	2	1	0	4	2	9	0	2	5	7	0	0	0	2	0	18	0	1	1	1	0	0	1	2	3	5	6	1	2	3	0	1	5	5	3	1	10	0	3
del:>10Mb:>5	0	0	0	0	0	0	1	0	0	0	0	0	0	0	0	0	0	0	0	0	0	0	0	0	0	0	0	0	0	0	0	1	0	0	0	0	0	1	0	0	0	0	1	0	0	0	0	0	0	0	0	0	0	0	1	0	0	0	0	0	0	0	2	0	0	0	0	0	1	0	0	0	0	0	0	0	0	0	0	0	0	0	1	0	0	0	0	1	0	0	0	0	0	0	0	0	0	0	0	0	0	1	0	0	0	0	0	0	0	1	0	0	0	0	0	0	0	0	0	0	0	0	0	0	0	0	1	0	0	0	0	0	0	0	0	1	0	0	0	1	0	0	0	0	0	0	0	0	0	0	0	1	0	0	0	0	1	1	0	0	0	0	0	0	0	0	0	0	0	0	0	0	0	0	0	0	0	0	0	0	0	0	0	0	0	1	0	0	0	0	0	0	0	0	1	0	0	0	0	0	0	0	0	0	0	0	0	0	0	0	0	0	0	0	0	1	1	0	0	0	0	0	0	0	0	0	0	0	0	1	0	0	0	0	0	0	0	0	0	1	0	0	1	0	0	0	0	0	0	0	0	0	1	0	0	0	0	0	0	0	0	0	0	0	0	0	0	1	0	0	0	0	0	0	0	0	0	0	0	1	0	0	0	0	0	0	0	0	0	0	0	0	0	0	1	0	0	0	0	0	0	0	0	0	0	0	0	0	0	0	0	0	0	0	0	0	0	0	0	0	0	0	0	0	1	0	0	0	0	0	0	0	0	0	0	0	0	0	0	0	0	0	0	0	0	0	0	0	0	0	0	1	0	0	0	0	0	0	0	0	0	0	0	0	0	0	0	1	0	0	0	0	0	0	0	3	1	0	0	0	0	0	0	0	0	0	0	1	0	0	0	1	0	0	0	0	0	0	0	0	0	0	0	0	0	0	0	0	0	0	0	0	0	0	0	0	0	0	0	1	0	0	0	0	0	0	0	0	0	0	0	0	0	0	0	0	0	0	0	0	0	1	0	1	1	0	0	4	0	1	0	0	0	0	0	0	0	0	0	0	0	0	0	0	0	0	1	0	0	0	0	0	0	0	0	0	0	0	0	0	0	0	0	0	0	0	0	0	0	0	0	0	0	0	1	2	1	0	1	0	0	2	0	0	1	0	0	0	0	0	0	0	0	0	0	0	0	0	0	0	0	0	0	0	0	0	0	0	0	1	0	0	0	0	0	0	0	0	0	0	0	0	0	0	0	0	0	1	1	0	0	0	0	0	0	1	0	0	0	0
dup:<10kb:0-1	0	0	0	0	0	0	0	0	2	0	0	0	1	0	0	0	0	0	0	0	4	0	1	2	0	0	0	0	1	0	1	0	0	1	0	0	0	0	0	0	0	0	0	1	0	0	0	0	1	0	0	0	1	1	63	0	0	0	1	0	1	0	0	0	0	0	12	0	0	1	4	1	31	1	17	0	0	33	43	0	0	1	0	1	17	0	1	1	0	0	0	0	1	0	2	0	0	0	129	2	5	3	7	3	0	2	0	0	0	0	1	3	0	2	0	0	1	0	2	0	2	27	49	48	27	0	0	0	51	1	41	0	0	0	1	0	0	0	0	1	1	0	0	2	20	13	25	13	0	81	0	53	0	0	37	0	24	2	2	1	0	9	2	0	1	1	0	1	0	1	6	95	0	0	0	0	0	38	0	58	0	0	2	1	18	114	0	0	0	65	94	1	0	53	0	0	0	0	1	0	54	44	7	0	0	5	1	1	0	1	0	31	2	6	2	0	0	1	1	1	16	1	0	43	0	0	2	0	0	2	0	1	0	2	2	61	0	0	0	0	99	0	14	0	31	0	0	1	0	0	37	40	1	1	0	0	0	0	0	0	0	0	0	0	2	2	21	48	16	0	1	0	0	1	0	0	0	0	2	1	0	0	2	0	0	0	0	0	0	0	0	0	0	0	0	0	0	0	0	0	2	0	0	0	0	0	0	0	1	0	0	1	0	0	1	0	0	0	0	0	1	0	0	0	13	1	0	0	40	34	52	0	0	22	0	17	0	0	0	0	0	0	0	0	0	0	0	0	0	0	3	1	0	379	38	0	33	1	0	0	0	0	22	0	0	0	0	0	0	2	2	0	0	0	3	2	0	0	0	0	1	0	0	0	0	0	1	0	0	24	0	0	0	0	0	0	0	0	0	0	0	0	0	0	4	0	0	1	0	0	2	0	1	4	0	0	0	0	1	3	1	0	1	0	0	1	0	0	0	0	0	0	0	0	0	0	0	0	0	44	0	119	0	1	1	0	0	1	0	0	0	0	0	0	0	0	0	1	0	0	0	0	0	0	0	0	0	0	0	0	0	0	0	0	0	0	0	0	0	43	3	0	1	11	0	0	0	0	0	23	1	23	1	0	0	1	32	14	0	1	40	33	2	0	38	30	23	0	27	0	0	3	0	1	0	0	0	1	56	1	14	40	60	0	0	1	1	3	0	1	0	3	0	2	0	1	0	0	0	1	0	0	46	10	29	0	1	1	0	1	1	0	0	0	0	0	2	0	0	51
dup:<10kb:2-5	0	0	0	1	0	0	2	0	0	0	0	0	1	0	1	0	0	0	0	0	3	0	0	0	0	0	1	1	1	1	0	0	1	0	0	0	0	0	0	0	0	0	0	0	0	0	0	0	0	0	0	0	0	0	44	0	0	0	1	0	0	0	1	0	0	0	12	0	0	0	3	0	27	0	14	0	1	29	43	0	0	1	1	1	25	0	1	2	1	0	0	0	0	0	2	0	0	0	102	0	3	5	8	1	1	1	1	0	0	1	0	7	0	1	0	0	0	0	0	2	7	28	37	51	40	0	1	0	57	0	35	0	0	0	1	2	0	0	0	1	0	3	0	1	24	10	23	10	1	74	0	43	0	0	48	0	24	3	1	1	1	6	2	0	0	0	0	1	1	0	2	116	0	0	1	1	1	30	1	44	0	0	0	1	13	94	0	0	0	62	85	0	0	46	0	0	0	0	0	0	57	34	5	0	0	9	0	0	0	0	0	27	0	3	2	1	0	0	0	0	16	0	0	56	0	0	0	0	0	0	0	0	4	2	3	40	0	0	0	0	99	0	13	0	26	0	0	0	0	0	45	46	1	0	0	0	0	0	0	0	0	0	0	1	0	1	11	49	15	0	0	0	0	1	0	0	0	0	0	1	0	1	3	0	0	0	0	0	1	0	0	0	0	0	0	0	0	0	0	0	0	0	1	0	0	1	0	0	0	0	0	1	0	0	0	0	0	0	0	2	1	1	0	0	18	0	0	0	57	38	77	0	0	20	0	23	0	1	0	2	0	0	0	0	0	0	1	0	1	0	0	0	0	341	42	1	45	0	0	0	0	0	32	1	0	0	0	0	0	1	3	0	0	0	2	0	1	0	1	1	0	0	0	0	0	0	0	2	0	15	0	0	0	0	0	0	0	0	0	0	0	0	0	0	1	0	0	0	0	0	4	0	0	0	0	0	0	0	0	0	2	0	0	0	0	0	0	0	0	0	0	0	0	0	0	0	0	0	0	32	0	137	0	2	1	0	0	0	0	2	0	0	0	0	0	0	0	0	1	0	0	0	0	1	0	0	0	0	0	0	0	0	0	0	0	1	0	0	1	63	0	0	0	4	0	0	1	0	0	25	1	27	0	0	0	1	34	8	0	0	18	41	0	0	31	25	28	0	23	5	0	2	1	1	0	1	0	2	69	0	7	41	85	0	0	0	0	1	1	2	0	1	0	1	0	0	0	0	0	0	0	0	53	9	29	0	0	1	0	0	0	3	0	0	0	0	1	0	0	65
dup:<10kb:>5	0	0	0	0	0	0	0	0	0	0	0	0	0	0	0	0	0	0	0	0	0	0	0	0	0	0	0	0	0	0	0	0	0	0	0	0	0	1	0	0	0	0	0	0	0	0	0	0	0	0	0	0	0	0	3	0	0	0	0	0	0	0	0	0	0	0	1	0	0	0	0	0	1	2	0	0	0	2	1	0	0	0	0	0	2	0	0	0	0	0	0	0	0	0	0	0	0	0	2	0	0	0	1	0	0	0	0	0	0	0	0	0	0	0	0	0	0	0	0	0	0	1	4	4	1	1	0	0	3	0	1	0	0	0	0	0	0	0	0	0	0	0	0	0	0	0	1	0	0	2	1	2	0	0	0	0	1	1	0	0	0	1	1	0	0	0	0	0	0	0	0	6	0	0	0	0	0	2	0	2	0	0	0	0	0	5	0	0	0	3	4	0	0	0	0	0	0	0	0	0	0	1	0	0	0	1	0	0	1	0	0	2	0	0	0	0	0	0	0	0	1	0	0	4	0	0	0	0	0	0	0	0	1	0	2	0	0	0	0	0	4	0	0	0	0	0	0	0	0	0	3	4	0	0	0	0	0	0	0	0	0	0	0	0	0	0	1	3	1	0	0	0	0	1	0	0	0	0	0	0	0	0	0	0	0	0	0	0	0	0	0	0	0	0	0	0	0	0	0	0	0	0	0	0	0	0	0	0	0	0	0	0	0	0	0	0	0	0	0	0	0	0	0	0	3	0	0	0	1	5	4	0	0	0	0	0	1	1	0	0	0	0	0	0	0	0	1	0	0	2	0	1	0	3	0	0	1	0	0	0	0	0	0	0	0	0	0	0	0	0	0	0	0	0	1	0	0	0	0	0	0	0	0	0	0	0	0	0	0	2	0	1	0	0	0	0	0	0	0	0	0	0	1	0	0	0	0	0	0	0	0	0	0	0	0	0	0	0	0	0	0	0	1	0	0	0	0	0	0	0	0	0	0	0	0	0	0	0	0	1	0	4	0	0	0	0	0	1	0	0	0	0	0	0	0	0	0	0	0	0	0	0	0	0	0	0	0	0	0	0	0	0	0	0	0	0	0	0	0	2	0	0	0	0	0	0	0	1	0	1	0	0	0	0	0	0	0	2	0	0	0	1	0	0	2	1	0	0	2	0	0	0	0	0	0	0	0	0	1	0	2	2	4	0	0	0	0	0	0	0	0	0	0	0	0	0	0	0	0	0	0	0	2	0	0	0	0	0	0	0	0	0	0	0	0	0	0	0	0	3
dup:10kb-100kb:0-1	0	1	1	0	0	2	1	0	0	0	0	0	2	0	0	0	0	0	0	1	118	0	0	1	0	0	0	0	4	2	2	0	0	0	0	0	0	2	2	0	0	0	0	0	0	0	0	1	0	2	0	0	0	0	20	0	1	1	4	0	0	0	0	0	0	0	19	0	0	2	1	2	20	1	5	0	2	11	34	0	0	3	1	2	17	5	0	1	3	0	1	1	4	4	7	0	0	3	77	2	11	1	2	18	1	4	0	0	0	3	1	12	0	0	0	0	0	0	6	3	1	14	29	51	23	1	4	0	34	1	34	1	3	0	0	1	0	0	0	0	4	3	2	1	21	6	28	8	1	29	0	18	0	1	13	0	18	4	7	0	2	5	3	1	14	0	2	2	2	0	4	95	0	1	0	1	3	27	0	20	2	1	4	2	4	34	0	5	1	23	37	0	1	45	0	0	1	0	1	0	18	46	8	0	4	11	5	2	0	0	1	13	0	36	2	0	0	0	2	1	18	0	1	80	0	0	1	3	0	0	0	0	11	19	10	37	0	1	0	1	49	0	9	1	9	0	0	4	0	2	51	51	2	0	0	1	0	1	0	0	0	0	0	0	2	22	16	29	9	3	0	0	0	5	1	0	1	2	3	5	0	2	3	0	0	0	0	0	0	0	0	0	0	0	4	3	0	1	3	0	0	9	0	1	0	0	1	0	1	0	0	0	0	0	0	2	2	1	0	1	0	3	0	0	18	3	0	1	41	14	33	0	0	9	0	6	0	0	0	2	0	0	1	0	2	0	1	0	1	2	1	1	1	44	12	1	13	2	0	0	0	0	8	0	0	1	0	0	0	7	6	0	0	0	10	2	0	1	1	0	1	2	0	0	1	3	0	3	0	10	0	0	0	2	0	1	0	0	0	0	0	1	0	0	3	2	1	0	0	1	6	0	0	2	5	0	0	0	0	4	2	0	3	0	0	1	0	0	0	1	0	0	0	0	0	0	0	1	2	30	1	37	0	0	1	0	1	4	0	3	0	1	0	0	0	1	0	0	1	0	0	0	0	0	0	0	2	0	0	0	0	0	0	1	0	0	0	0	0	108	3	0	0	12	1	1	1	2	0	10	2	14	0	6	0	0	4	13	1	1	13	29	0	0	14	15	28	0	12	1	1	9	0	0	0	0	0	1	29	2	3	21	20	0	1	1	1	3	4	3	0	4	1	1	0	0	3	2	0	0	0	0	12	6	6	0	2	4	0	0	2	7	1	1	1	1	2	1	0	57
dup:10kb-100kb:2-5	0	1	0	1	0	3	1	0	1	0	0	0	0	0	0	0	0	0	0	1	115	0	0	1	0	1	4	1	0	2	1	0	1	0	0	0	0	3	2	0	0	0	0	0	0	0	1	0	0	1	1	0	4	0	21	0	3	0	4	0	0	0	0	0	0	0	10	0	0	0	2	1	18	3	6	0	1	8	36	0	0	4	2	2	14	2	0	0	1	0	4	0	2	8	4	1	0	1	73	3	22	1	5	18	3	1	1	2	0	1	1	18	1	0	0	0	0	0	3	1	2	9	22	47	21	0	3	0	57	1	28	0	3	1	1	0	0	0	0	1	0	5	4	2	18	8	26	19	2	20	0	20	0	0	24	0	25	0	2	1	4	5	3	0	10	0	1	1	0	0	1	78	1	0	0	2	2	24	1	16	0	2	3	2	18	34	0	2	0	23	30	0	2	66	1	0	0	0	1	0	17	52	11	0	4	38	1	1	2	0	0	13	2	25	1	1	0	4	1	1	13	1	0	80	0	0	0	7	0	2	1	0	17	15	7	29	0	0	0	0	48	0	15	0	10	0	1	3	0	0	49	51	0	1	1	0	0	0	0	0	0	0	0	0	2	21	11	28	4	0	0	0	1	1	0	0	0	0	4	2	0	0	6	0	0	0	0	0	0	0	1	2	0	0	3	1	0	0	0	0	0	6	0	0	0	0	0	1	1	0	0	0	0	0	0	2	0	0	0	0	1	6	0	0	34	2	0	0	48	18	28	1	0	15	0	5	0	0	0	1	1	0	0	0	0	0	1	0	0	5	1	1	0	31	18	2	13	0	0	0	0	0	13	0	0	0	0	0	0	3	5	0	0	1	3	1	0	1	1	0	0	2	0	0	0	4	0	2	0	8	0	2	0	1	1	0	0	0	0	0	0	0	0	0	4	1	1	0	0	0	6	0	0	3	2	0	0	0	0	9	1	0	1	0	0	0	0	0	0	0	0	0	0	0	0	0	0	0	2	23	0	46	3	5	0	0	1	3	0	3	0	0	0	0	0	0	0	2	1	0	0	1	0	0	0	0	2	0	0	0	0	0	0	0	0	0	0	0	0	89	2	1	0	9	1	0	2	2	0	11	3	15	1	0	0	0	11	10	1	2	10	18	0	0	12	20	31	1	12	2	0	6	1	1	0	1	0	3	31	3	6	26	23	0	0	0	3	4	3	4	2	2	0	0	0	0	0	0	0	0	0	0	10	3	5	0	2	1	1	0	3	10	0	1	1	0	2	0	1	60
dup:10kb-100kb:>5	0	0	0	1	0	0	0	0	0	0	0	0	0	0	0	0	0	1	0	0	3	0	0	0	0	0	0	0	1	0	1	0	0	0	0	0	0	0	0	0	0	0	0	0	0	0	0	0	0	0	1	0	0	0	0	0	0	0	0	0	0	0	1	0	0	0	1	0	0	0	0	1	0	0	1	0	1	0	1	0	0	0	0	0	1	0	0	0	0	0	0	0	0	1	0	0	0	0	4	0	3	0	1	3	1	1	0	0	0	0	0	1	0	0	0	0	0	0	0	1	0	1	3	5	0	0	1	0	0	0	3	0	0	1	0	0	0	0	0	0	0	0	0	1	1	0	4	0	0	2	0	0	0	0	1	0	4	2	2	0	0	0	6	0	1	0	0	1	1	0	0	6	0	0	0	0	0	3	1	1	0	0	0	0	2	1	0	1	0	3	2	0	0	3	0	0	0	0	1	0	1	2	1	0	0	1	0	0	0	0	0	0	0	3	0	0	0	0	0	0	0	0	0	1	0	0	0	0	0	0	0	0	0	0	2	1	0	0	0	0	5	0	1	0	1	0	0	0	0	0	3	3	0	0	0	0	0	0	0	0	0	0	0	0	0	0	2	0	0	0	0	0	0	0	0	0	0	0	1	1	0	0	0	0	0	0	0	0	0	0	0	1	0	0	0	0	0	0	0	0	0	0	0	0	0	0	0	0	0	0	0	0	0	0	0	0	0	0	0	0	0	1	0	0	0	0	0	0	3	0	1	0	0	2	0	0	0	0	0	1	0	0	0	0	0	0	0	0	0	2	0	0	1	1	0	0	0	0	0	0	0	0	1	0	0	0	0	0	0	0	0	0	0	0	0	0	1	0	0	0	0	0	0	0	1	0	0	0	0	0	0	0	0	1	0	0	0	0	0	0	0	0	0	0	0	0	0	0	0	0	0	0	0	0	0	0	0	0	0	0	0	0	0	0	0	0	0	0	0	0	0	0	0	0	0	0	0	0	0	2	0	0	0	0	1	0	0	3	0	0	0	0	0	0	0	0	0	1	0	0	0	1	0	0	0	0	0	0	0	1	0	0	0	0	0	0	0	0	0	4	0	0	0	0	0	0	0	0	0	0	0	2	0	0	0	0	0	2	0	0	1	2	0	0	0	0	3	0	1	0	1	0	0	0	0	0	0	0	0	0	0	1	0	0	0	0	0	0	1	0	0	1	1	0	0	0	0	0	0	0	0	0	1	0	0	0	0	0	0	1	0	2	0	1	0	0	0	0	0	1
dup:100kb-1Mb:0-1	0	0	2	0	1	0	9	0	3	0	0	0	5	0	2	0	0	1	3	0	32	0	0	6	0	0	10	0	4	4	6	2	1	0	0	3	0	4	2	0	0	0	0	3	0	0	0	1	0	4	1	1	5	0	13	0	6	0	5	1	4	0	0	0	0	0	17	0	0	0	14	5	5	2	3	0	5	8	28	0	2	2	3	7	7	12	0	3	0	0	2	2	3	9	21	1	0	6	6	1	92	3	4	27	2	2	1	2	1	5	5	21	2	0	0	0	0	0	3	16	1	3	16	21	19	1	0	3	7	5	13	2	4	0	2	0	4	0	0	7	6	5	7	5	5	8	4	16	2	6	0	14	0	0	7	0	6	9	13	2	5	4	5	3	70	6	5	4	0	1	10	10	0	3	0	1	8	18	5	2	15	8	5	7	11	5	1	5	1	32	6	1	1	17	5	1	1	3	10	0	7	7	22	0	4	3	3	5	3	4	0	7	2	56	11	1	4	2	0	1	1	1	0	12	2	1	3	12	1	3	0	0	4	34	6	8	0	2	0	6	2	0	5	0	5	0	3	7	0	1	12	49	3	1	1	1	0	4	0	0	0	0	0	1	2	19	6	3	6	3	1	0	1	3	0	0	2	0	13	3	2	4	4	0	0	0	0	0	1	0	1	3	1	1	13	2	0	0	1	0	0	8	0	0	0	0	1	0	0	0	0	3	0	0	0	2	1	1	1	7	10	21	1	1	17	9	0	2	9	7	10	1	0	3	0	2	0	3	0	2	0	0	0	0	8	0	9	4	3	29	2	5	1	5	16	6	3	3	0	0	3	0	3	4	0	0	0	0	1	5	8	0	0	0	2	4	3	1	4	1	4	7	0	0	3	11	0	4	0	1	0	0	0	3	1	0	0	0	2	0	0	0	0	0	15	0	0	0	0	4	8	0	1	10	10	0	0	0	1	11	6	0	3	0	0	0	1	1	2	0	0	0	0	2	0	1	0	0	5	9	1	39	3	1	9	1	2	18	1	5	0	0	0	0	2	2	0	5	1	0	1	1	0	0	0	0	4	0	0	0	0	0	0	0	0	0	0	0	2	12	7	0	0	2	2	1	5	0	1	9	4	0	0	7	1	0	5	5	0	2	10	3	1	0	8	5	3	1	3	2	0	6	2	0	0	2	4	2	4	6	0	8	16	0	0	2	4	9	7	1	3	4	8	4	2	1	4	0	1	0	0	0	6	1	7	1	3	4	7	2	5	17	3	0	2	4	0	5	0	30
dup:100kb-1Mb:2-5	0	3	5	1	0	1	7	0	3	0	0	0	0	1	1	0	0	1	4	1	34	0	0	8	0	0	16	1	2	1	5	2	0	1	0	1	0	2	1	0	1	0	0	1	0	1	1	2	0	0	2	0	1	1	6	0	1	0	2	0	2	0	3	0	0	0	14	0	0	5	6	2	4	5	1	1	1	8	35	0	0	4	4	5	7	13	0	1	1	1	3	0	7	9	26	0	0	5	9	2	124	7	2	28	0	1	2	2	2	5	6	24	1	1	0	0	0	1	5	8	0	1	16	31	23	0	2	2	7	2	21	1	3	0	1	0	1	0	0	2	7	6	6	3	8	12	2	7	1	4	1	13	0	0	4	0	11	9	16	0	2	5	10	1	77	4	0	4	2	0	10	8	1	1	2	1	6	17	10	3	14	1	3	4	7	10	0	1	0	32	3	0	2	18	8	0	4	0	6	0	6	13	33	0	2	3	1	10	1	0	1	9	2	53	5	2	1	3	4	0	1	1	0	11	3	0	3	14	1	4	1	0	3	37	9	9	0	3	0	14	1	0	9	0	5	0	6	19	0	1	12	62	4	1	0	3	3	3	1	0	0	0	0	1	2	24	6	12	3	6	2	0	1	1	0	2	3	3	13	7	1	2	9	0	0	0	0	0	2	0	0	4	0	2	11	3	0	0	0	0	1	9	1	0	0	0	1	0	3	1	0	5	0	0	1	0	1	3	0	2	9	22	0	1	17	7	0	3	16	6	13	3	0	3	0	5	1	0	1	8	0	0	0	1	7	0	4	2	0	47	2	1	3	6	13	3	6	4	0	0	0	0	5	4	0	0	0	0	0	4	7	0	0	2	4	3	0	3	5	1	2	7	0	0	1	8	0	6	1	4	0	1	0	0	0	0	0	0	0	0	0	0	0	2	9	1	0	1	0	0	12	0	0	9	9	0	0	0	0	9	2	0	4	0	2	1	0	0	2	1	0	1	0	0	0	0	0	0	10	5	5	26	2	2	6	1	2	15	2	2	0	1	0	0	0	5	0	8	0	1	0	1	0	0	0	0	3	0	0	0	1	0	0	1	0	0	0	0	1	18	4	4	0	1	1	2	2	4	2	10	2	2	0	5	0	2	11	5	1	5	12	0	1	0	10	10	8	0	2	2	0	9	0	0	0	1	3	0	4	2	0	14	14	0	0	1	4	8	4	1	1	5	22	1	0	1	0	0	0	0	1	0	0	2	4	0	8	4	2	1	9	22	1	4	0	1	1	3	2	24
dup:100kb-1Mb:>5	0	0	1	0	0	0	0	0	0	0	0	0	0	0	0	0	0	1	0	0	4	0	0	0	0	0	0	0	0	0	0	0	0	1	0	0	0	0	0	0	0	0	0	0	0	0	0	0	0	0	0	0	0	0	0	0	0	0	0	0	0	0	0	0	0	0	0	0	0	0	1	0	0	0	0	0	0	2	2	0	0	0	1	0	0	2	0	1	1	1	0	0	0	1	3	0	0	0	0	0	9	0	0	2	0	0	0	1	0	2	1	2	0	0	0	0	0	0	1	0	0	0	1	2	2	0	1	0	0	0	2	0	0	0	0	0	0	0	0	0	0	0	1	1	1	2	0	0	0	0	0	1	0	0	0	0	0	0	2	0	0	0	1	0	5	0	0	0	0	0	1	1	0	0	0	0	0	1	3	0	0	1	0	0	2	0	0	0	0	1	0	0	0	0	0	0	0	0	0	0	0	2	2	0	0	0	0	1	0	0	0	0	0	4	1	0	0	0	0	1	0	0	0	0	0	0	0	1	0	0	0	0	0	4	0	0	0	0	0	0	0	0	0	0	1	0	0	2	0	0	0	3	0	0	0	1	0	0	0	0	0	0	0	0	1	1	0	1	0	0	0	0	0	0	0	0	0	0	1	1	0	0	1	0	0	0	0	0	0	0	0	1	0	0	1	1	0	0	1	0	0	1	0	0	0	0	0	0	0	0	1	0	0	0	0	0	0	0	0	0	0	0	0	0	1	1	0	1	1	0	1	0	0	0	0	0	0	0	0	0	0	0	0	0	0	0	0	0	0	5	0	0	0	0	1	0	0	0	0	0	1	1	0	0	0	0	0	0	0	0	1	0	0	0	1	0	0	0	0	0	0	0	0	0	0	0	0	0	0	0	0	0	0	1	0	0	0	0	0	0	0	0	0	0	3	0	0	0	0	0	0	0	0	0	0	0	0	0	0	0	1	0	0	0	0	0	0	0	0	0	0	0	0	0	0	0	0	0	2	0	0	0	0	1	2	0	0	0	0	0	0	0	0	0	0	0	0	1	0	0	0	0	0	0	0	0	0	0	0	0	0	0	0	0	0	0	0	0	0	0	0	0	0	0	0	0	0	0	1	0	0	1	0	0	0	0	0	0	0	0	0	1	0	0	1	0	0	0	0	0	0	2	0	0	0	0	0	0	0	1	0	1	0	0	0	0	0	0	0	0	0	0	1	0	0	0	1	0	0	0	0	0	0	0	0	0	2	0	0	0	1	5	0	0	0	1	0	0	1	2
dup:1Mb-10Mb:0-1	5	4	4	0	0	5	15	0	9	0	0	0	3	3	4	0	0	3	2	0	31	0	0	4	0	0	7	4	4	8	1	3	1	2	0	2	0	1	6	0	0	0	0	9	0	1	0	3	0	5	0	0	11	0	4	0	5	1	11	0	4	0	3	2	0	2	0	0	0	2	25	7	2	4	1	0	2	4	3	0	1	0	8	12	16	2	1	6	3	2	8	6	2	3	3	1	5	12	1	1	100	4	0	15	2	7	2	0	1	9	1	2	0	1	3	0	0	0	18	4	0	0	1	7	11	0	6	2	4	9	4	2	2	0	15	0	3	0	1	6	9	21	4	5	3	3	3	0	1	3	0	3	3	1	1	0	1	12	3	4	1	1	3	2	34	4	3	22	5	1	6	4	1	2	2	1	1	8	4	3	7	10	15	10	4	1	1	9	1	9	2	0	2	2	3	0	2	0	11	0	3	0	11	0	1	3	0	8	1	6	0	20	6	10	0	3	11	10	5	4	2	4	1	1	0	0	8	14	2	10	0	0	3	10	2	3	0	0	0	8	1	1	3	0	4	0	1	1	0	4	2	13	8	6	5	1	1	3	0	0	0	0	0	0	6	8	13	3	5	7	3	0	4	9	0	1	5	5	11	20	8	9	11	0	0	1	0	0	3	0	0	1	0	1	10	17	0	3	4	0	0	5	1	1	0	0	8	0	11	0	0	10	3	1	2	3	1	6	1	5	8	5	0	3	4	4	0	5	5	4	6	11	0	0	1	0	2	6	0	0	5	0	7	1	19	0	6	11	5	18	6	6	12	6	7	4	2	5	0	0	4	0	1	0	0	0	1	0	1	3	23	0	0	2	5	11	7	5	23	2	6	11	0	0	4	11	0	11	6	0	0	1	0	1	0	0	0	0	0	0	1	0	0	7	23	2	0	0	0	2	10	0	1	8	7	0	0	0	4	16	5	1	10	0	0	3	3	3	1	2	0	4	0	3	2	0	0	2	2	1	5	6	3	4	27	0	4	3	1	8	0	0	0	2	2	4	0	2	4	0	0	0	0	0	0	1	13	1	0	4	0	0	0	0	0	0	1	0	0	0	15	0	0	3	4	7	0	0	3	4	20	0	1	6	1	2	0	12	0	4	5	1	1	0	2	16	9	0	1	0	0	9	1	2	0	1	1	4	1	4	1	6	2	0	1	1	8	0	2	8	8	1	0	5	7	4	18	0	0	3	0	1	1	0	3	2	9	4	2	6	1	2	6	2	4	4	2	14	1	2
dup:1Mb-10Mb:2-5	1	0	1	0	1	2	8	0	4	0	0	0	3	1	0	0	0	2	0	0	14	0	0	1	0	1	5	3	9	3	1	1	0	1	0	5	0	2	9	0	0	0	0	2	0	1	0	2	0	1	2	0	5	1	10	0	3	1	8	1	5	0	3	0	0	0	1	0	2	0	18	2	0	4	0	3	1	1	1	0	0	0	4	10	4	1	0	3	1	1	9	3	3	1	3	0	2	10	3	0	89	3	1	4	2	0	1	0	0	5	2	0	0	1	1	0	1	0	13	3	0	0	3	8	10	0	1	0	1	9	3	2	3	0	6	0	0	0	5	5	5	11	0	2	1	2	0	2	0	3	0	4	1	2	2	0	1	3	7	1	2	1	2	1	37	2	1	21	3	0	13	2	1	0	1	2	4	2	6	5	5	8	5	7	0	0	1	9	1	2	0	0	2	0	3	0	2	0	5	0	0	2	9	0	3	1	1	0	1	3	0	9	4	3	5	6	5	5	1	0	2	2	0	1	1	0	7	15	1	2	3	0	4	8	2	6	0	0	0	8	2	0	3	0	1	0	1	0	0	0	4	11	4	3	1	2	1	3	0	0	0	0	0	0	0	9	13	3	2	3	1	0	0	4	1	0	2	2	17	4	4	3	16	1	0	0	0	0	1	0	1	0	0	4	8	3	0	1	1	0	3	4	0	0	0	0	1	0	3	0	0	8	0	0	0	3	0	2	3	2	9	3	1	1	2	4	0	7	6	5	5	0	0	1	0	2	4	4	0	2	0	0	2	1	5	0	0	4	5	13	3	8	7	1	15	2	2	5	0	0	4	0	1	0	0	1	1	1	0	2	11	0	0	2	6	3	4	5	11	1	3	7	0	0	1	8	0	5	1	1	0	1	0	0	0	0	0	0	1	0	1	0	0	1	22	1	1	0	0	1	13	0	0	7	5	0	2	0	0	7	5	0	2	0	0	0	1	0	4	0	0	1	0	1	1	2	0	0	4	5	1	5	0	2	14	1	4	2	0	7	0	0	0	0	1	2	1	2	1	0	1	1	0	0	0	1	4	0	0	5	1	0	0	0	1	0	0	0	2	2	8	0	2	1	3	4	1	0	2	3	6	2	0	6	1	2	2	3	0	2	6	1	1	0	4	5	10	0	0	0	0	5	0	4	0	1	0	0	0	2	0	10	5	0	0	4	3	2	2	2	5	1	1	5	2	0	12	0	0	2	1	0	1	0	0	0	4	1	1	2	2	1	2	6	1	1	1	10	1	7
dup:1Mb-10Mb:>5	0	0	0	0	0	0	0	0	1	0	0	0	0	0	0	0	0	0	0	0	2	0	0	1	0	0	0	0	0	1	0	0	0	0	0	0	0	0	0	0	0	0	0	0	0	0	0	0	0	0	0	0	1	0	1	0	0	0	0	0	0	0	0	0	0	0	0	0	0	0	1	0	0	0	0	0	0	0	0	0	0	0	0	0	0	0	0	0	0	0	0	0	0	0	0	0	0	1	0	0	4	1	0	0	0	1	0	0	0	0	0	0	0	0	0	0	0	0	1	0	0	0	0	1	2	0	2	1	0	2	0	0	0	0	0	0	0	0	0	1	0	0	0	0	0	0	1	0	0	0	0	1	0	0	0	0	0	0	0	0	0	0	1	0	3	0	0	2	0	0	0	0	0	0	0	0	0	1	1	0	1	0	0	0	1	2	0	0	0	0	0	0	0	0	0	0	0	0	1	0	0	0	0	0	0	0	0	0	0	0	0	0	0	1	0	0	0	0	0	0	0	0	0	0	0	0	0	0	0	0	0	0	0	1	0	1	0	0	0	0	0	0	1	0	0	0	0	0	0	0	0	0	0	0	0	0	0	0	0	0	0	0	0	0	1	0	1	0	0	1	0	0	0	0	0	0	0	1	0	3	0	0	0	0	0	0	0	0	0	0	0	0	0	0	2	0	0	0	0	0	0	0	0	0	0	0	1	0	0	0	0	0	0	0	0	0	0	0	0	0	0	0	0	0	0	0	0	1	0	0	0	0	0	0	0	0	0	0	0	0	0	0	0	0	1	0	0	1	0	0	0	0	0	0	0	0	0	0	0	0	1	0	0	0	0	0	0	0	0	0	1	0	0	0	0	0	0	0	0	0	0	0	0	0	0	0	0	0	0	1	0	1	0	0	0	0	0	0	0	0	0	0	0	0	0	1	0	0	0	0	1	0	0	0	0	0	0	0	0	0	0	0	0	0	0	0	0	0	0	0	0	1	0	0	0	0	0	0	0	0	0	0	0	0	0	0	1	0	0	0	0	0	0	0	0	0	0	0	0	0	1	0	0	0	0	0	1	0	0	0	0	0	0	0	0	0	0	0	0	0	0	0	0	0	0	0	0	0	0	0	1	0	0	0	0	0	0	1	0	0	0	1	0	0	1	1	0	0	0	1	0	0	0	0	0	0	0	0	0	0	0	0	0	0	0	0	0	0	0	1	0	0	0	0	0	1	0	0	0	0	0	0	0	0	0	0	1	0	0	0	0	0	1	0	0	0	0	1	0	0
dup:>10Mb:0-1	0	3	3	0	0	0	2	0	1	1	0	0	12	0	0	0	0	1	5	5	15	0	0	0	0	1	0	1	9	3	5	4	0	1	0	3	0	1	3	0	0	0	0	6	0	0	0	5	0	3	2	0	2	0	5	2	3	5	4	2	1	0	2	7	0	2	1	1	2	1	18	2	3	2	1	1	0	1	2	0	4	1	9	11	2	2	5	2	1	0	3	2	5	1	4	0	0	8	1	1	4	1	2	2	1	6	4	3	1	0	0	0	1	0	0	0	0	1	20	2	1	1	1	0	1	0	9	1	5	15	3	1	3	0	8	0	1	0	0	5	1	11	4	1	2	0	3	0	0	1	0	1	1	1	1	2	0	4	2	1	3	1	4	3	0	3	9	19	4	2	11	5	0	0	3	3	8	2	5	2	6	6	16	6	0	2	1	5	0	8	4	1	0	3	0	0	3	2	7	0	0	2	4	0	0	6	3	1	2	10	0	23	4	7	6	3	8	9	0	0	3	6	3	5	0	0	16	12	2	5	1	0	4	5	1	8	0	1	0	8	1	1	0	0	1	0	0	1	0	1	3	1	10	0	1	0	4	1	0	0	0	0	4	0	7	1	6	3	14	5	1	0	0	4	1	0	2	9	22	27	7	4	15	0	3	0	0	0	0	0	0	0	3	1	16	11	0	2	1	0	5	0	1	0	0	0	2	0	6	0	0	6	0	3	0	3	1	2	1	11	0	6	0	0	7	0	0	6	4	0	2	21	0	1	0	0	0	1	0	0	1	0	2	1	6	0	4	3	3	5	3	8	6	2	2	2	3	10	0	0	2	0	2	0	0	0	0	1	1	8	18	0	0	2	4	11	7	8	8	2	2	14	0	0	2	7	0	9	2	1	0	3	2	2	0	0	0	0	1	1	0	0	0	5	28	1	3	1	0	1	1	0	1	7	8	0	0	0	0	13	5	2	3	0	1	1	3	0	3	2	0	6	1	0	1	5	0	0	3	8	3	3	2	2	14	0	0	2	1	8	1	0	0	1	0	1	0	4	2	0	1	1	0	0	1	0	10	0	0	0	0	0	0	0	0	0	1	0	1	2	18	1	1	0	4	2	1	3	0	3	3	2	4	0	4	5	0	3	0	6	0	3	0	1	1	3	3	0	7	0	0	7	0	4	0	2	0	7	2	4	0	0	1	0	2	0	9	1	3	5	3	0	0	5	1	4	21	0	1	1	2	0	0	1	1	2	4	8	1	3	4	1	0	10	2	4	0	16	1	1
dup:>10Mb:2-5	0	0	3	0	0	1	9	0	1	0	0	0	9	0	0	0	0	1	1	0	4	0	0	0	0	0	0	4	1	5	2	2	0	0	0	1	0	2	0	0	0	0	0	0	0	1	0	3	1	0	2	0	1	3	3	1	2	0	1	1	0	0	2	3	0	0	0	0	0	1	16	3	2	4	0	0	0	3	1	0	3	0	4	7	1	1	0	3	1	1	0	1	4	5	0	0	1	6	8	0	0	1	0	1	0	1	0	2	0	4	2	1	2	1	0	0	4	0	10	2	1	1	2	4	2	0	5	0	1	8	4	1	5	0	7	0	0	0	0	4	1	5	2	6	1	2	0	0	0	0	0	3	1	1	4	0	0	0	1	0	3	1	2	0	0	0	4	13	0	0	7	2	0	1	0	2	8	2	3	3	2	11	10	7	2	4	3	4	0	4	3	2	1	2	0	0	1	0	2	0	0	2	1	0	1	6	1	1	2	1	0	20	1	4	1	2	5	7	1	0	2	3	2	1	0	0	9	11	2	8	0	0	0	2	1	3	0	4	0	1	0	1	3	0	1	0	1	0	0	0	1	3	10	0	1	0	0	3	0	0	0	0	1	0	5	1	3	2	5	1	0	0	1	0	1	0	0	6	8	15	2	2	8	0	2	0	0	0	0	0	0	1	1	1	12	9	0	0	2	0	2	1	1	0	0	0	2	0	4	0	0	3	0	0	0	1	0	2	0	3	0	5	0	0	4	0	0	2	2	0	2	2	0	2	0	1	2	1	0	0	0	0	0	1	3	0	5	4	2	6	6	6	7	3	1	1	2	5	0	0	3	0	1	0	0	2	2	0	0	7	14	0	0	0	2	10	4	5	5	0	1	7	0	0	1	3	0	4	0	1	0	1	0	1	0	0	0	0	0	0	0	0	0	0	9	2	2	0	0	1	1	0	4	6	1	0	1	0	0	8	2	1	3	0	0	1	0	0	0	1	0	3	0	0	1	0	0	1	0	6	1	1	0	0	9	0	0	1	2	7	0	0	0	2	0	0	0	4	1	0	0	0	0	0	1	0	10	0	0	1	0	0	0	0	0	0	0	0	1	3	8	0	0	3	3	1	2	1	0	0	4	0	5	0	0	2	0	0	0	2	1	2	0	1	1	0	2	0	2	0	0	0	2	3	0	0	0	3	2	0	0	2	3	0	3	2	9	0	3	4	3	0	0	1	0	1	16	0	0	0	0	0	0	3	0	2	4	2	3	1	2	0	0	4	1	3	0	9	2	3
dup:>10Mb:>5	0	0	0	0	0	0	0	0	0	0	0	0	2	0	0	0	0	0	0	0	0	0	0	0	0	0	0	0	0	0	0	0	0	0	0	0	0	0	0	0	0	0	0	0	0	0	0	0	0	0	0	0	0	0	0	0	1	0	0	0	0	0	0	0	0	0	0	0	0	0	0	1	0	0	0	0	0	0	0	0	0	0	1	0	0	0	0	0	0	0	0	0	0	0	0	0	0	1	0	0	0	0	0	0	0	0	0	0	0	0	0	0	0	0	0	0	1	0	0	0	0	0	0	0	0	0	1	0	2	0	0	0	0	0	0	0	0	0	0	0	1	0	0	1	0	0	0	0	0	0	0	0	0	0	0	0	0	0	0	0	0	0	2	0	1	0	0	0	0	0	2	0	1	0	0	0	0	0	0	0	0	0	1	0	0	0	0	0	0	0	0	0	2	0	1	0	0	0	0	0	0	0	2	0	0	0	0	0	0	0	0	0	0	1	0	0	0	0	0	0	0	0	1	0	0	0	1	0	0	0	0	0	0	0	0	0	0	0	0	0	0	0	1	0	0	0	0	0	0	0	1	0	0	0	0	0	0	0	0	0	0	0	0	0	0	0	0	0	0	0	0	0	0	0	0	0	0	1	0	0	0	0	0	0	0	0	0	0	0	0	0	0	0	0	0	0	1	0	0	0	1	0	0	0	0	0	0	0	0	0	0	0	0	0	0	0	0	0	0	1	0	0	0	0	0	1	0	0	0	0	0	0	0	1	0	0	0	0	0	0	0	0	0	0	0	0	1	0	0	0	0	0	1	0	0	0	0	0	0	0	1	0	0	0	0	0	0	0	0	1	1	0	0	0	0	0	0	0	1	0	0	0	0	0	0	1	0	1	0	0	0	0	0	0	0	0	0	0	0	0	0	0	0	1	0	0	0	0	0	0	0	0	0	0	0	0	0	0	0	0	0	0	0	0	0	0	0	0	0	0	0	0	0	0	0	0	0	0	0	0	0	0	0	0	1	0	0	0	0	0	0	0	0	0	0	0	0	1	0	0	0	0	0	0	0	0	1	0	0	0	0	0	0	0	0	0	0	0	0	0	0	0	0	0	0	0	0	0	0	0	0	0	1	0	0	0	0	0	0	0	0	0	1	0	0	0	0	0	0	0	0	0	0	0	0	0	0	1	0	1	0	0	0	0	0	0	0	0	0	0	0	0	0	0	0	0	0	0	0	0	0	0	0	0	0	0	0	0	0	0	0	0	0	0	0	0	0	0	0	0
inv:<10kb:0-1	0	0	1	0	0	1	7	0	3	0	0	0	2	0	1	0	0	6	1	1	4	0	0	0	0	0	2	0	0	6	5	1	0	0	0	2	0	5	10	0	0	0	1	2	0	0	1	2	0	3	1	0	5	0	1	1	2	0	5	0	2	0	0	0	0	0	5	0	3	3	10	7	0	2	1	0	0	0	5	0	1	2	0	11	1	6	4	3	3	1	2	2	2	4	5	2	1	6	3	2	4	3	5	1	0	8	9	1	0	9	2	1	3	5	0	0	0	0	13	0	0	1	1	2	2	0	4	0	3	4	5	1	4	0	4	2	0	0	1	0	3	11	2	5	2	2	2	6	1	3	0	3	1	2	3	0	0	3	2	7	4	0	3	3	2	15	4	11	3	1	3	4	4	0	0	2	0	2	5	6	3	4	7	2	1	3	0	8	2	1	2	1	0	5	0	1	0	0	12	0	3	1	9	0	4	10	6	2	2	1	1	6	4	15	3	2	1	4	1	1	6	1	0	1	0	0	4	5	1	5	2	1	5	5	1	10	0	0	0	0	4	0	0	0	3	1	0	4	0	1	1	3	5	2	3	1	3	3	0	0	0	0	0	0	2	2	4	5	4	0	0	0	0	9	0	0	3	4	10	8	1	1	3	0	0	0	0	0	3	0	1	0	0	3	5	8	0	2	1	0	1	1	1	0	0	0	0	0	1	0	0	4	0	0	0	1	0	1	2	4	3	1	0	0	3	1	0	4	5	2	3	3	0	3	0	0	0	1	0	0	2	0	0	0	1	0	3	10	0	3	3	2	4	16	3	10	6	2	0	2	0	0	3	0	0	3	0	0	0	2	18	0	0	1	3	5	3	4	7	0	3	5	0	0	4	8	1	0	0	1	0	2	0	1	0	0	0	0	0	1	1	0	0	1	8	0	2	0	0	0	0	0	1	1	2	0	0	0	2	7	3	0	3	0	1	0	1	2	0	0	0	5	0	2	0	0	0	0	1	8	0	1	5	7	10	3	1	5	0	5	0	0	0	0	0	1	0	4	2	0	0	0	0	0	0	1	3	0	0	0	0	0	0	0	0	0	0	0	0	3	1	3	1	1	3	2	2	0	2	6	6	0	1	0	5	1	5	4	0	5	6	1	0	0	3	2	2	0	4	0	0	9	1	5	0	0	0	1	3	4	0	9	4	0	3	3	4	1	0	5	2	1	0	2	2	8	5	0	0	0	0	0	0	0	0	1	17	4	1	0	1	3	2	4	0	3	4	4	0	9
inv:<10kb:2-5	0	0	1	0	0	2	3	0	3	0	0	0	1	0	0	0	0	3	0	0	3	0	0	1	0	0	1	2	1	3	4	0	0	0	0	3	0	1	6	0	0	0	1	2	0	0	0	2	0	1	0	0	2	0	1	0	2	0	3	0	1	0	1	0	0	0	2	0	0	4	7	3	1	1	15	1	2	2	2	0	0	2	0	9	3	5	6	11	1	0	6	2	3	7	7	0	1	2	4	12	3	8	2	3	1	5	9	0	2	8	2	1	2	5	1	0	1	0	11	1	5	1	1	4	2	0	1	1	4	7	3	7	4	2	3	3	0	0	0	4	7	6	5	4	0	3	3	3	1	1	0	6	1	0	5	0	2	7	4	11	2	3	8	0	6	19	5	8	3	0	4	5	7	0	1	10	3	2	2	3	4	3	7	7	2	4	0	7	1	4	3	1	2	2	0	1	0	0	5	0	1	4	11	1	9	7	4	4	3	0	1	7	3	6	3	2	0	2	1	1	5	3	0	9	0	0	2	6	0	18	1	0	3	1	0	9	0	0	0	0	3	0	1	0	2	0	1	5	0	2	0	4	3	0	0	0	2	4	0	0	0	0	0	0	2	3	1	2	6	1	1	0	0	18	1	0	5	2	16	4	1	0	8	0	0	0	0	0	2	0	0	0	0	2	2	9	0	0	0	1	0	3	0	0	0	0	0	0	2	0	0	1	1	0	0	0	0	1	0	5	3	5	0	0	5	0	0	4	5	3	5	5	0	1	1	0	0	4	0	0	0	0	0	1	5	0	1	3	0	0	4	3	1	19	6	7	2	5	0	1	0	0	0	0	0	1	0	0	0	3	14	0	0	0	8	1	5	3	6	0	8	11	0	0	2	12	0	1	0	2	0	2	1	1	0	0	0	0	0	0	0	0	0	0	5	1	1	1	0	0	1	0	1	6	1	0	0	0	0	13	1	0	1	0	0	1	0	1	0	1	0	2	0	0	0	0	0	0	0	7	4	7	7	11	9	0	0	7	3	12	0	0	0	1	0	2	0	6	1	0	1	0	0	0	1	0	0	0	0	0	0	0	0	0	0	0	0	0	0	3	4	4	0	1	2	2	8	0	0	7	2	1	1	1	3	1	1	2	0	0	8	3	1	0	6	2	2	0	3	2	0	3	0	4	0	1	0	5	3	4	0	9	4	0	3	3	3	1	1	4	2	2	1	1	0	6	6	0	0	0	1	0	0	0	1	0	14	2	6	0	2	4	2	9	1	1	5	4	1	3
inv:<10kb:>5	0	0	0	0	0	1	0	0	0	0	0	0	0	0	1	0	0	0	1	0	2	0	0	0	0	0	0	1	0	0	0	0	0	0	0	0	0	0	2	0	0	0	0	0	0	0	0	0	0	0	0	0	0	0	0	0	0	0	0	0	0	0	0	0	0	0	1	0	0	0	0	0	0	1	12	0	1	0	0	0	0	1	0	0	0	0	0	1	0	0	0	1	0	1	2	0	0	0	1	0	0	0	1	0	0	0	0	1	0	0	0	0	1	0	0	0	2	0	0	0	0	0	0	0	0	0	0	0	0	1	2	0	0	0	0	0	0	0	0	1	0	0	0	0	0	0	0	0	0	0	0	10	1	1	0	0	0	0	0	1	1	0	0	0	0	12	1	0	0	0	1	0	1	0	0	13	0	1	0	0	0	0	1	1	1	1	0	0	1	1	1	0	0	0	0	0	0	0	0	0	1	0	1	0	2	1	1	2	0	0	0	0	0	2	0	0	0	0	0	0	0	0	0	1	0	0	1	1	0	2	0	0	0	2	0	0	0	0	0	0	1	0	1	0	1	0	0	0	0	0	0	0	0	0	0	0	1	1	0	0	0	0	0	0	1	0	0	1	1	0	0	0	0	0	0	0	1	0	2	0	0	0	0	0	0	0	0	0	1	0	0	0	0	0	1	1	0	0	0	0	0	1	0	0	0	0	0	0	0	0	0	0	0	0	0	1	0	0	0	2	0	0	0	0	0	0	0	0	0	0	1	0	0	0	0	0	0	0	0	0	0	0	0	1	0	0	2	1	0	0	0	0	0	2	0	1	0	0	0	0	0	0	0	0	0	0	0	0	0	0	0	0	0	0	0	0	2	0	0	0	1	1	0	0	0	0	0	0	0	0	0	0	0	0	0	0	0	0	0	0	0	0	0	0	1	0	0	0	0	0	1	0	0	0	0	0	0	0	0	2	0	0	0	0	0	0	0	0	0	0	1	1	0	0	0	0	0	0	0	1	0	0	1	1	1	0	0	2	1	0	0	0	0	0	0	1	0	0	0	0	1	0	0	0	0	0	0	0	0	0	0	0	0	0	0	0	0	0	0	0	0	0	0	0	0	0	1	0	0	0	0	0	1	0	0	0	0	1	0	0	1	1	0	0	0	0	0	0	0	1	0	0	0	0	0	0	0	0	0	0	0	2	0	0	0	0	0	0	0	0	0	0	0	0	0	0	0	0	0	0	0	0	0	0	0	0	1	0	0	0	0	1	0	0	0	0	0	0	0	1
inv:10kb-100kb:0-1	0	0	3	0	0	0	11	0	3	0	0	0	2	0	1	0	0	1	2	0	8	0	0	2	0	0	2	0	1	4	1	0	1	0	0	1	0	3	6	0	0	0	0	0	0	0	0	0	1	2	1	0	9	0	1	1	3	0	5	0	0	0	1	0	0	0	4	0	0	1	11	3	1	4	2	1	0	1	2	0	0	1	2	6	0	7	0	3	5	1	3	2	1	1	5	0	0	2	1	6	1	4	6	2	1	4	6	0	1	5	1	2	3	0	2	0	1	0	9	6	0	0	3	1	1	0	5	1	2	4	5	2	3	0	4	0	0	0	1	3	0	2	1	3	1	1	1	3	1	0	1	2	2	0	2	0	3	6	1	5	3	2	5	3	2	1	5	13	6	0	12	3	3	0	0	3	5	1	1	5	2	9	9	4	2	1	3	6	1	0	2	0	1	1	1	0	1	0	7	0	2	4	12	0	1	0	1	1	1	2	0	5	5	10	4	2	2	5	2	0	4	2	0	2	1	0	2	5	0	1	2	0	2	4	2	3	0	1	0	1	3	1	2	0	1	0	1	1	0	0	2	2	4	1	3	1	5	0	0	0	0	0	0	0	2	4	2	6	4	4	0	0	0	14	1	0	0	2	1	6	4	0	11	0	0	0	0	0	0	0	0	2	1	0	10	4	0	0	3	0	0	2	1	1	0	0	2	0	1	0	0	1	0	1	0	1	0	0	0	1	3	3	0	1	2	2	0	2	0	0	2	3	0	0	4	1	0	0	1	2	1	0	2	0	1	0	0	3	0	4	2	3	2	11	0	5	8	3	0	0	2	0	1	0	0	0	0	0	0	2	13	0	0	0	1	10	3	1	6	0	2	6	0	0	0	4	0	4	0	0	0	2	0	0	0	0	0	0	1	0	0	0	0	0	8	2	0	0	0	1	2	0	1	3	2	0	0	0	1	5	0	0	3	0	0	2	0	0	0	2	0	5	0	1	0	0	0	0	0	5	0	1	4	3	12	0	0	4	0	4	0	0	0	0	1	2	0	1	2	0	0	0	0	0	0	0	3	0	0	0	0	0	0	1	0	0	0	0	1	3	5	0	0	0	2	1	1	0	2	6	5	1	0	2	1	2	1	2	0	2	1	3	1	0	6	2	0	1	0	0	0	5	1	1	0	1	0	0	5	1	0	6	0	0	0	1	6	1	4	1	1	3	0	6	0	1	7	0	1	1	0	0	0	0	0	1	8	1	3	0	2	2	1	7	0	2	3	5	0	1
inv:10kb-100kb:2-5	0	0	1	0	1	3	2	0	4	0	0	0	2	0	1	0	0	0	0	1	3	0	0	1	0	0	2	1	1	4	1	1	0	2	0	1	0	3	9	0	0	0	0	2	0	0	0	0	0	0	0	0	0	1	1	1	1	0	2	0	2	0	3	0	0	0	0	0	0	0	6	0	2	0	1	0	0	3	4	0	0	2	3	5	0	1	1	4	1	0	3	2	0	3	9	0	0	3	0	1	3	2	3	2	1	3	3	0	1	2	1	4	1	0	0	0	5	1	3	2	0	0	1	0	5	0	5	0	2	5	4	2	1	0	1	1	1	0	0	0	1	4	1	3	1	2	0	0	1	1	1	4	2	1	4	0	0	7	0	1	1	2	2	2	0	4	2	7	2	1	4	1	1	0	2	4	2	0	1	1	0	1	6	1	3	2	1	8	0	1	2	1	0	1	0	0	0	1	1	0	3	2	7	0	0	1	1	0	1	0	0	4	3	18	2	2	1	0	2	0	3	0	0	0	1	0	1	7	0	5	0	0	1	3	3	3	0	0	0	0	3	0	5	1	0	0	1	3	0	2	0	4	5	0	1	0	0	3	0	0	0	0	0	0	0	2	0	3	3	1	0	0	0	9	0	1	2	1	5	2	1	2	6	0	0	0	0	0	0	0	1	2	0	0	0	4	0	0	1	0	0	1	0	0	0	0	0	0	1	0	0	1	0	0	3	3	1	1	0	1	1	2	0	0	2	0	0	3	1	0	3	4	0	1	0	0	1	0	0	0	0	0	0	0	0	0	2	5	1	1	5	1	0	3	2	0	5	2	0	0	0	0	2	0	0	0	0	0	0	0	9	0	0	0	5	5	0	2	4	1	9	1	0	0	1	3	0	2	0	1	0	0	0	1	0	1	0	0	0	0	0	0	0	0	4	0	0	0	0	0	3	0	1	2	1	0	0	0	0	3	1	0	2	0	0	2	0	0	3	1	0	5	0	0	0	1	0	0	1	8	0	4	6	4	7	0	1	3	0	6	0	0	0	1	1	0	0	2	0	0	0	0	0	0	0	0	2	0	0	0	0	0	0	3	0	0	0	0	0	3	3	3	3	1	1	2	1	0	0	6	2	0	0	1	1	1	1	2	0	5	16	1	0	0	6	1	1	0	1	2	0	1	0	0	0	0	0	2	1	5	0	5	0	0	1	2	6	1	0	4	3	0	0	1	1	3	6	1	0	0	0	0	2	0	0	0	1	5	2	1	0	2	1	1	0	2	1	1	0	1
inv:10kb-100kb:>5	0	0	0	0	0	0	0	0	0	0	0	0	0	0	0	0	0	1	0	0	1	0	0	0	0	0	2	0	0	0	0	0	0	0	0	0	0	2	0	0	0	0	0	0	0	0	0	0	0	0	0	0	0	1	0	0	0	0	0	0	0	0	0	0	0	0	0	0	0	1	1	0	0	0	4	0	0	0	0	0	0	0	0	1	0	0	0	0	0	0	1	1	0	1	1	0	0	0	0	0	0	1	0	0	1	0	0	0	0	1	0	0	0	0	0	0	0	0	0	0	0	0	0	1	0	0	1	0	0	0	0	0	1	0	0	0	0	0	0	0	0	0	0	0	1	1	0	1	4	0	0	5	1	0	0	0	1	0	0	1	0	0	1	1	1	2	0	0	2	0	0	0	0	0	0	1	0	0	0	0	0	0	0	0	1	0	0	0	0	0	0	0	0	0	0	0	0	0	0	0	0	1	0	0	0	0	0	0	0	0	0	1	1	2	0	2	0	1	0	1	1	0	0	0	0	0	0	0	0	0	0	0	2	2	0	1	0	0	0	0	0	0	0	0	0	0	0	0	0	0	1	0	0	0	0	0	1	0	0	0	0	0	0	0	0	0	1	0	0	0	0	0	0	0	0	0	0	0	1	0	0	0	0	0	0	0	0	0	0	0	0	0	0	0	0	0	0	0	0	0	0	1	0	0	0	0	0	0	1	0	0	0	0	0	0	0	0	0	0	0	0	0	0	0	0	0	0	0	0	0	0	0	0	0	0	0	0	0	0	0	0	0	0	0	0	0	0	0	0	0	0	1	0	0	0	0	0	0	0	0	0	0	0	0	0	0	0	0	0	0	0	0	0	0	0	0	0	0	0	0	0	0	0	0	0	1	1	0	0	0	0	0	0	0	0	0	0	0	0	0	0	0	0	0	0	0	0	0	0	0	0	0	0	0	0	0	0	0	0	0	0	0	1	0	0	0	0	0	0	0	0	0	0	0	0	0	0	0	0	0	0	0	0	0	0	0	0	0	0	0	0	0	0	0	0	0	0	0	0	0	0	0	0	0	0	0	0	0	0	0	0	0	0	0	0	0	0	0	0	0	0	0	0	0	0	0	1	0	0	1	0	0	0	1	0	0	0	2	0	0	0	0	0	0	0	0	0	0	0	0	0	0	0	1	0	0	0	0	0	0	0	1	0	0	0	0	0	0	0	1	0	0	1	0	0	0	0	0	0	0	0	0	0	0	0	0	1	0	1	0	0	0	0	0	0	0	0	0	0	0
inv:100kb-1Mb:0-1	0	0	3	0	2	0	17	1	6	0	0	0	7	0	2	0	0	0	3	2	3	0	0	4	0	0	1	1	2	9	0	8	0	1	0	2	0	0	3	0	0	0	1	4	0	2	0	3	0	6	2	0	7	0	0	1	6	0	4	0	3	0	2	0	0	1	0	0	0	1	15	8	3	6	0	2	0	0	1	0	1	2	2	22	4	4	1	3	4	1	2	2	3	2	5	1	1	5	2	0	10	3	0	2	0	2	1	1	0	4	0	4	1	0	0	0	0	0	15	2	0	0	4	1	4	0	5	0	0	2	13	1	10	0	7	0	4	0	1	5	6	9	4	13	1	0	1	0	0	1	0	4	2	2	1	0	1	15	7	2	2	1	4	8	2	4	5	14	6	6	15	5	1	2	1	5	0	1	4	0	2	14	10	12	4	0	2	9	1	2	4	4	3	3	3	0	1	4	6	0	1	3	14	1	1	5	3	2	2	2	1	14	10	12	1	2	5	5	3	2	6	4	0	1	0	1	8	11	0	8	1	0	3	6	0	6	0	0	0	4	0	0	1	0	2	0	0	3	0	2	1	3	11	0	0	1	4	5	0	0	0	0	1	0	6	1	1	3	2	3	5	0	0	6	0	0	4	4	11	11	5	4	9	0	0	2	0	0	2	0	1	1	1	2	9	11	0	0	1	0	2	2	1	0	0	0	5	0	2	0	0	7	1	1	1	3	1	5	0	9	5	11	0	3	6	0	0	6	1	0	2	2	0	1	0	0	0	1	1	1	2	0	2	1	10	0	3	8	3	11	0	5	14	8	4	7	1	6	0	1	1	0	0	0	0	2	0	0	0	3	18	0	0	2	7	8	2	2	8	3	10	11	0	0	6	6	1	6	0	1	0	5	0	5	2	2	0	0	0	0	0	0	0	1	19	2	1	0	0	2	5	0	1	4	6	0	0	0	1	11	6	0	8	0	1	2	2	1	2	1	0	4	0	2	0	0	0	0	1	8	2	2	6	0	16	2	3	2	1	8	0	0	2	0	0	4	0	4	2	0	0	1	0	0	0	0	2	2	0	2	0	0	0	1	0	0	0	0	1	1	13	0	0	1	7	5	0	0	2	2	13	0	1	0	4	3	4	2	0	6	1	0	0	0	1	1	0	1	0	2	0	9	1	0	0	0	0	2	0	6	0	6	0	0	0	5	15	0	0	3	4	1	2	1	8	3	8	0	0	2	1	0	0	0	0	1	3	8	6	0	6	3	3	11	1	2	2	6	0	1
inv:100kb-1Mb:2-5	0	0	4	0	3	1	4	1	2	0	0	0	1	0	2	0	0	0	1	3	8	0	0	2	0	0	0	1	1	8	0	5	0	1	1	1	0	0	2	0	0	0	0	2	0	0	4	2	1	2	1	0	1	0	3	0	3	0	4	0	0	0	4	0	0	0	0	0	1	0	16	3	1	0	0	1	0	0	2	0	1	0	3	10	1	4	2	3	4	0	3	2	1	3	4	1	3	1	0	2	3	1	5	2	0	1	0	0	0	4	0	3	0	0	1	0	1	0	8	3	0	0	2	1	2	1	3	0	0	2	4	1	1	0	3	0	0	0	1	7	4	3	3	7	0	2	0	1	0	0	0	1	1	1	1	0	1	3	1	2	0	2	2	2	6	3	4	8	6	1	10	3	3	1	0	0	3	1	6	3	4	7	7	6	1	0	0	4	1	0	1	3	1	3	1	0	2	1	9	0	1	2	5	0	2	1	2	2	2	2	4	8	11	6	2	2	4	3	0	0	2	1	0	3	0	0	4	9	0	3	0	0	1	4	2	3	0	0	0	11	3	1	1	0	0	1	3	1	0	2	1	1	5	1	2	0	0	1	0	0	0	0	0	0	1	0	0	1	3	1	3	0	2	3	0	0	1	1	3	5	3	1	7	0	0	0	0	0	3	0	1	0	0	6	3	6	0	1	0	0	1	0	2	1	0	0	2	0	0	0	0	2	0	0	0	3	0	0	1	3	5	0	0	0	0	0	0	2	0	0	1	1	0	2	0	0	2	0	0	1	0	0	2	0	5	0	2	2	0	8	5	5	3	3	2	5	1	12	0	0	2	0	0	0	0	1	0	0	0	4	12	0	0	2	3	8	4	4	2	1	8	4	0	0	2	4	0	2	0	0	0	0	1	0	0	1	0	0	0	0	0	0	0	0	7	3	0	0	0	0	3	0	0	6	2	0	0	0	0	6	2	1	2	0	2	1	2	1	3	0	0	4	0	2	0	3	0	0	0	3	4	3	2	4	7	0	3	3	1	3	0	0	2	0	1	0	0	0	1	0	0	0	0	0	0	0	2	0	0	4	0	0	0	1	0	0	0	0	0	3	7	0	0	0	3	1	0	0	4	2	6	0	3	0	1	4	2	2	0	2	3	0	0	0	2	0	0	0	0	2	0	8	1	0	0	1	0	0	1	4	1	4	1	0	0	2	7	0	0	6	5	0	0	3	3	1	3	0	0	1	0	0	0	1	0	0	4	3	0	0	5	5	2	4	0	3	1	4	1	0
inv:100kb-1Mb:>5	0	0	1	0	0	0	0	0	0	0	0	0	0	0	0	0	0	0	0	0	0	0	0	0	0	0	0	0	0	0	0	0	0	0	0	0	0	0	0	0	0	0	0	0	0	0	0	0	0	0	0	0	0	0	0	0	0	0	0	0	0	0	0	0	0	0	0	0	0	0	1	0	0	0	0	0	0	0	0	0	0	0	1	0	0	0	0	0	0	0	0	0	0	0	1	0	0	1	0	0	0	0	0	0	0	0	0	0	0	0	0	0	0	0	0	0	0	0	2	0	0	1	0	0	0	0	2	0	0	0	2	0	0	0	1	0	0	0	0	0	0	0	0	0	0	0	0	0	0	0	0	0	0	0	0	0	0	2	0	0	0	0	0	0	0	0	0	1	0	0	0	0	0	0	0	1	0	0	0	0	0	0	0	0	0	0	1	0	0	0	0	0	0	0	0	0	0	0	1	0	0	0	0	0	0	0	1	0	0	0	0	1	0	0	0	0	0	0	0	0	0	0	0	0	0	0	0	0	0	1	1	0	0	0	1	0	0	0	0	1	1	0	0	0	0	0	0	1	0	0	0	2	0	0	0	0	0	0	0	0	0	0	0	0	0	0	0	0	0	0	1	0	0	0	0	0	0	0	1	0	0	0	0	0	0	0	0	0	0	0	0	0	0	0	2	0	0	0	0	0	0	0	0	0	0	0	0	0	0	0	0	1	0	1	0	0	0	0	0	0	0	0	0	0	1	0	0	1	0	0	1	0	0	0	0	0	0	0	0	0	0	0	0	0	2	0	0	0	0	0	0	0	0	0	0	0	0	0	0	0	0	0	0	0	0	0	0	0	0	0	2	0	0	0	0	0	0	0	0	0	0	0	0	0	0	0	0	0	0	0	0	0	0	0	0	0	0	0	0	0	0	0	0	0	2	1	0	0	0	0	0	0	0	0	0	0	0	0	0	0	0	0	0	0	0	0	0	0	0	0	0	0	0	0	0	0	0	0	1	0	0	1	0	0	0	0	0	0	0	0	0	0	0	0	0	0	0	0	0	1	0	0	0	0	0	1	0	0	0	0	0	0	0	0	0	0	0	0	0	0	1	0	0	0	0	0	0	0	0	0	0	0	0	0	0	0	0	0	0	0	0	0	0	0	0	0	0	0	0	0	0	0	0	0	0	1	0	0	0	0	0	0	0	0	0	1	2	0	0	1	0	0	0	1	1	0	0	0	0	0	0	0	0	0	0	0	0	0	0	0	0	0	0	0	0	0	0	0	0	0
inv:1Mb-10Mb:0-1	3	3	7	2	0	7	30	0	8	0	0	0	11	1	8	0	0	5	5	7	29	0	0	4	0	1	3	6	10	24	2	6	0	1	0	10	0	4	17	1	0	0	1	11	1	4	0	7	3	10	0	0	14	0	3	4	8	3	12	0	5	0	8	2	0	0	0	0	3	4	62	16	1	10	0	2	1	2	2	0	6	2	13	33	19	2	2	11	7	4	12	6	5	8	5	0	8	32	2	1	4	1	1	14	2	10	4	0	1	19	2	1	2	1	2	0	0	0	43	6	0	1	4	7	3	0	12	1	1	26	11	0	3	0	20	0	5	0	3	15	11	46	12	12	6	3	3	3	1	2	0	2	9	5	2	1	0	28	2	4	3	1	10	8	3	8	5	35	12	4	28	4	3	2	7	12	18	3	9	5	10	28	28	30	1	2	7	21	1	3	2	4	10	4	1	2	2	6	23	0	0	4	27	1	6	13	0	5	4	15	4	41	19	15	2	14	24	29	5	10	7	6	1	2	1	1	41	37	3	9	5	0	0	10	2	9	1	1	0	31	7	2	0	0	4	0	3	1	0	3	3	1	33	8	10	6	3	19	0	0	0	0	3	0	6	2	3	4	12	11	8	0	3	22	0	1	13	16	39	32	10	16	52	0	1	1	0	0	5	0	1	1	0	8	21	33	0	2	6	0	4	9	1	1	2	0	8	1	21	0	0	19	3	1	4	10	2	7	3	14	9	13	0	2	12	4	0	21	5	5	6	12	0	4	1	1	3	6	2	0	5	0	4	3	30	0	13	17	18	16	13	20	19	11	7	17	2	18	0	0	7	0	1	0	0	3	0	0	0	16	37	0	1	4	8	27	16	14	36	3	12	21	0	0	10	20	0	20	1	1	0	13	0	1	0	1	0	0	2	0	1	0	0	7	58	2	3	0	0	1	6	1	5	15	5	0	1	0	8	26	10	4	13	0	2	8	1	6	5	3	0	12	0	5	0	3	0	0	5	3	4	9	3	6	38	4	16	8	5	22	0	0	2	2	6	8	0	8	5	0	2	3	0	0	0	7	18	0	0	7	3	0	1	0	2	2	1	0	3	1	21	4	1	1	10	14	4	4	3	12	27	1	7	1	6	10	1	3	0	12	1	3	2	0	2	0	0	0	0	2	0	14	0	3	0	5	0	15	5	2	1	2	0	0	3	11	21	1	6	9	10	3	0	8	19	6	29	0	1	2	4	0	0	1	0	7	10	5	2	3	5	1	3	21	5	8	1	25	1	3
inv:1Mb-10Mb:2-5	2	1	6	2	0	4	12	1	4	0	0	0	16	1	1	0	0	3	1	4	22	0	0	2	0	0	0	6	7	5	2	2	0	0	0	7	0	1	17	1	0	0	1	8	0	3	0	7	1	7	2	0	10	0	4	2	7	1	10	0	3	0	5	1	0	2	1	0	0	1	28	6	0	6	1	3	0	1	0	0	1	0	6	18	4	3	2	7	3	0	16	9	6	1	5	0	4	17	2	1	3	2	1	4	0	5	2	3	1	13	0	3	1	0	1	0	0	0	20	3	1	0	4	3	1	0	7	0	1	17	5	0	7	0	17	1	2	0	5	15	5	25	3	4	2	3	1	3	0	0	0	2	3	2	2	1	1	9	0	2	0	1	2	2	3	1	10	19	12	1	8	1	2	2	2	3	7	2	9	5	5	17	17	22	3	0	3	19	3	3	1	2	2	5	3	3	7	2	15	0	0	3	17	0	4	9	2	6	3	3	3	16	11	4	1	10	14	18	6	2	4	7	1	1	2	1	14	26	2	10	2	1	0	7	0	5	0	1	0	9	2	1	0	0	4	1	2	0	0	0	4	3	18	4	4	3	4	5	0	0	0	0	0	0	3	0	4	2	10	4	4	0	4	9	1	0	4	5	21	15	10	10	25	0	2	1	0	1	3	0	1	0	2	5	9	14	0	0	1	1	4	5	3	0	1	0	2	2	13	0	0	14	2	3	1	3	0	6	1	4	8	3	0	2	4	1	0	8	1	1	5	3	0	1	1	3	1	6	1	1	1	0	2	3	19	0	8	10	3	15	8	11	7	6	4	7	2	13	0	0	9	0	0	0	0	0	1	1	0	11	19	0	0	2	8	12	7	6	28	2	7	20	0	0	1	13	0	20	2	3	0	7	1	1	0	1	0	0	1	0	0	0	0	5	33	5	1	1	0	1	5	0	3	13	7	0	2	1	8	8	10	1	10	0	1	6	1	4	6	3	0	11	0	0	1	2	0	0	0	4	5	7	2	5	27	0	4	6	1	11	0	0	0	0	6	4	0	3	5	0	1	1	0	0	0	2	16	1	0	2	1	0	0	0	0	0	1	0	4	1	9	1	1	0	10	9	1	0	4	4	17	1	5	0	2	6	1	4	0	9	0	4	1	0	3	0	0	0	3	1	0	12	0	1	0	4	0	5	5	4	1	2	0	0	1	6	21	2	2	5	12	2	0	2	1	4	24	0	1	4	2	0	1	0	0	2	7	2	4	6	4	1	4	8	7	6	1	12	1	3
inv:1Mb-10Mb:>5	0	0	0	0	0	0	0	1	0	0	0	0	0	0	1	0	0	0	0	0	2	0	0	0	0	0	0	1	1	2	0	0	0	0	0	0	0	0	1	0	0	0	0	0	0	0	0	0	0	0	0	0	0	0	1	0	0	0	0	0	1	0	0	0	0	0	0	0	1	0	2	1	0	1	0	0	0	1	0	0	0	0	0	1	2	0	0	0	0	0	0	0	0	0	0	0	1	1	0	0	0	0	0	0	0	0	0	1	0	1	0	0	0	1	0	0	0	0	0	0	0	0	0	0	1	0	0	0	0	0	0	0	0	0	0	0	1	0	0	0	0	0	0	0	0	0	0	0	0	0	0	1	1	0	0	0	0	1	0	0	0	0	1	1	0	0	0	4	0	0	3	0	0	0	0	0	0	0	0	1	0	1	3	3	1	0	0	1	0	0	0	0	0	0	0	0	0	0	0	0	0	0	1	0	1	0	0	1	0	1	0	1	0	0	0	1	1	1	0	0	0	0	0	0	0	0	1	2	0	1	1	0	0	0	0	0	0	0	0	0	0	0	0	0	0	0	1	0	0	0	0	0	0	0	0	0	0	0	0	0	0	0	0	0	1	0	0	0	0	0	0	0	1	0	0	0	1	0	2	3	1	2	1	0	0	0	0	0	0	0	0	0	0	1	2	3	0	0	1	0	0	0	0	0	0	0	0	0	0	0	0	0	0	0	0	0	0	1	0	0	1	0	0	0	0	1	0	0	0	0	0	0	0	0	0	1	0	0	0	0	0	0	1	0	0	0	0	0	0	0	1	1	0	0	0	1	0	1	0	0	0	0	0	0	0	0	0	0	0	2	2	0	0	0	0	1	1	0	1	0	1	1	0	0	0	2	0	1	0	0	0	0	0	0	0	0	0	0	1	0	0	0	0	0	0	0	0	0	0	0	0	0	1	0	0	0	0	0	0	1	0	0	0	0	0	1	0	1	0	0	0	0	0	0	0	0	0	0	1	0	0	0	0	0	1	0	2	0	0	0	0	0	0	0	0	0	0	0	0	0	0	0	0	0	0	0	0	0	0	0	0	0	0	0	0	0	0	0	0	0	2	0	0	0	0	0	0	0	1	0	3	0	1	0	0	0	0	1	0	0	2	1	0	0	0	0	0	0	0	0	0	0	0	1	0	0	0	0	0	2	0	0	0	0	0	0	2	0	0	0	0	0	0	0	0	0	1	0	0	0	0	0	0	0	0	0	0	0	0	0	0	0	0	0	0	0	0	0	0	0
inv:>10Mb:0-1	0	0	16	1	1	3	25	0	8	1	0	0	23	0	1	0	0	2	2	9	25	0	0	3	0	1	10	9	4	8	8	4	0	6	1	5	0	1	1	0	0	0	0	4	0	2	0	9	4	8	4	0	6	0	4	5	10	5	14	2	2	0	13	5	0	2	0	2	7	3	44	7	0	4	5	2	5	0	3	0	11	1	14	27	4	8	4	8	5	3	14	1	19	5	12	0	4	18	3	0	7	5	2	20	3	5	0	2	0	7	1	6	4	4	0	0	1	1	43	2	1	4	2	3	7	0	17	3	5	24	9	2	11	1	27	3	1	0	2	17	1	25	1	13	2	2	3	3	1	4	0	6	5	3	5	4	10	9	2	3	8	3	5	7	3	4	9	29	5	1	21	4	5	4	1	9	27	8	9	5	11	21	27	21	4	8	1	14	0	10	6	4	7	2	3	0	4	5	11	0	3	1	15	0	2	23	6	4	4	1	0	23	6	24	3	8	17	18	6	3	10	12	3	6	2	1	29	30	4	11	5	0	4	9	4	14	0	3	0	8	5	1	4	2	1	1	1	2	0	3	2	6	28	1	2	2	1	16	0	0	0	0	3	0	10	1	2	18	23	4	1	0	3	10	2	1	3	11	41	47	13	4	27	0	2	2	0	0	5	0	0	0	2	8	38	15	0	1	2	0	4	0	4	1	0	1	2	2	10	0	0	8	0	2	4	12	2	9	5	16	5	11	1	2	12	4	0	8	6	7	3	44	0	3	0	0	2	5	0	6	5	0	1	3	15	0	10	11	7	9	6	26	9	13	13	8	4	13	0	2	3	0	3	0	0	5	7	1	0	15	41	0	1	7	7	22	14	17	20	2	7	30	0	0	12	7	0	14	2	4	0	6	2	3	0	1	0	0	4	2	1	0	0	7	66	6	2	1	0	1	10	0	12	9	13	0	0	0	0	15	10	2	4	0	1	5	1	0	7	2	0	5	1	1	1	6	0	0	3	20	12	12	3	8	56	4	1	9	4	20	2	0	1	2	0	4	0	9	2	1	1	1	0	0	3	2	42	0	0	3	0	0	0	1	0	3	2	0	2	1	23	1	1	4	8	4	2	6	2	5	17	1	11	1	7	7	4	7	0	9	3	9	0	1	5	0	0	0	8	5	0	7	2	9	0	4	0	16	7	8	1	7	2	0	2	5	27	0	6	5	16	1	0	4	6	8	41	0	0	1	1	0	0	3	1	8	17	14	6	5	5	1	3	14	6	4	0	26	3	7
inv:>10Mb:2-5	0	4	15	0	1	3	11	0	8	0	0	0	24	2	2	0	0	1	3	10	17	0	0	1	0	0	4	7	6	5	5	6	0	5	0	7	0	4	0	0	0	2	0	2	0	0	1	4	1	4	5	0	4	2	3	1	10	3	3	0	2	0	4	5	0	2	3	2	4	6	18	4	0	4	2	0	1	5	7	0	4	2	7	18	0	4	6	12	5	0	7	1	9	0	3	2	3	10	1	1	11	2	3	4	1	2	2	1	1	2	0	1	4	3	1	0	2	0	20	1	4	1	6	4	3	0	5	1	4	15	17	2	2	0	16	0	0	0	1	19	2	14	4	3	2	0	7	3	3	4	1	2	4	3	1	3	2	6	3	2	1	1	3	2	0	0	5	13	4	1	15	4	5	1	1	3	12	15	3	1	2	16	15	18	5	3	3	10	0	10	0	1	2	5	1	0	4	2	8	0	2	2	6	0	0	11	8	1	7	1	1	19	3	8	3	4	7	22	2	3	7	10	3	3	1	0	19	8	3	6	1	0	4	7	0	5	0	1	0	1	5	0	2	0	2	0	0	3	0	3	8	2	16	0	1	2	2	6	0	0	0	0	0	0	2	2	4	8	10	1	0	0	3	4	3	1	0	8	14	36	7	3	14	0	4	1	0	0	1	0	0	0	1	2	19	16	0	2	2	0	9	0	2	0	0	0	0	0	5	0	0	4	0	2	3	0	0	3	1	6	4	9	0	1	5	3	0	12	7	3	5	14	3	2	0	3	1	2	0	1	6	0	7	2	5	0	3	9	6	9	5	12	7	2	5	4	3	18	0	0	7	0	3	0	0	1	2	0	1	5	24	0	0	2	3	20	7	10	13	1	1	14	0	0	11	9	0	4	0	2	0	3	1	1	0	0	0	0	3	2	0	0	0	1	32	2	0	2	0	0	5	0	6	6	13	0	0	0	1	12	5	0	5	0	2	0	2	0	2	2	1	3	0	0	1	2	0	1	1	11	7	6	1	3	14	0	0	5	3	6	0	0	0	1	0	1	0	2	0	0	5	1	0	0	1	0	16	0	0	2	0	0	0	0	0	0	0	0	0	2	17	0	0	4	3	6	3	1	1	5	8	2	7	2	1	4	3	2	0	5	1	8	0	2	8	1	2	1	7	1	0	8	1	6	0	2	0	7	9	3	0	4	2	0	4	3	13	0	2	7	14	0	0	0	0	1	25	0	0	3	0	0	1	3	1	5	6	9	2	5	12	1	4	6	5	1	0	13	2	7
inv:>10Mb:>5	0	0	0	0	0	0	1	0	0	0	0	0	0	0	0	0	0	0	0	0	0	0	0	0	0	0	0	0	0	1	0	1	0	0	0	0	0	0	0	0	0	0	0	0	0	0	0	1	0	0	0	0	0	0	0	0	1	0	0	0	0	0	1	0	0	0	0	0	1	0	1	0	0	0	0	0	0	0	0	0	0	0	1	1	1	0	0	0	0	0	1	0	0	0	1	0	0	0	1	0	1	1	0	0	0	0	0	0	0	1	1	0	1	0	0	0	0	0	0	1	0	0	0	0	0	0	1	0	1	0	0	0	1	0	1	0	0	0	0	1	0	0	0	1	0	0	1	0	0	0	0	0	0	1	0	1	0	1	1	0	1	0	0	0	0	0	0	0	0	0	2	0	0	0	0	0	0	1	0	2	1	0	0	2	0	0	0	0	0	0	0	0	0	0	0	0	0	0	0	0	0	0	0	0	0	1	0	0	0	0	1	0	0	0	1	0	0	2	0	0	1	0	0	0	0	0	1	1	0	0	0	0	0	0	1	0	0	0	0	0	0	0	0	0	0	0	0	0	0	0	0	0	2	0	0	1	0	0	0	0	0	0	0	0	0	0	1	0	2	0	0	0	1	0	0	0	0	0	3	1	0	0	2	0	0	0	0	0	0	0	0	0	0	0	0	1	0	0	0	0	0	0	0	0	0	0	0	0	1	0	0	0	0	0	0	0	0	0	0	0	0	0	0	0	0	0	0	1	0	0	0	1	0	0	0	0	0	0	0	0	0	0	0	0	1	0	0	0	1	0	0	1	0	1	0	0	1	0	0	1	0	0	0	0	0	0	1	0	0	1	2	0	0	0	0	1	0	0	0	0	0	0	0	0	0	0	0	0	0	0	0	0	0	1	0	0	0	0	0	0	0	0	0	0	3	0	0	0	0	0	0	0	1	1	0	0	0	0	0	1	2	0	0	0	0	0	0	0	0	0	0	0	0	0	0	0	0	0	0	0	0	0	0	0	2	0	0	0	0	0	0	0	0	0	0	0	0	1	0	0	0	0	0	0	0	0	0	0	0	0	0	0	0	0	0	0	0	0	0	0	0	0	0	0	0	0	0	0	0	0	0	0	1	0	1	0	0	0	0	0	0	0	0	0	0	0	0	0	1	0	0	2	0	0	0	0	0	1	0	0	0	0	0	0	0	0	1	0	1	0	1	0	1	0	0	0	2	0	0	0	0	0	0	0	0	1	0	1	0	0	1	0	0	0	0	1	0	1	0	0
tr::0-1	6	1	14	0	2	6	52	0	17	0	1	0	132	5	15	2	0	5	5	32	17	0	0	2	0	1	18	37	31	75	29	0	2	5	0	17	1	7	45	7	0	0	11	10	0	8	4	19	4	31	21	5	14	17	11	10	25	23	41	0	11	2	15	7	2	16	18	0	6	14	187	21	12	7	10	4	5	21	19	0	10	1	32	192	34	10	9	25	18	0	41	14	10	18	82	2	16	50	32	7	15	30	8	12	18	42	10	12	5	39	10	10	3	13	2	0	4	1	127	0	13	15	30	46	34	0	8	0	58	112	59	26	7	8	72	11	17	0	0	19	19	34	18	34	20	18	15	20	10	31	0	47	7	11	32	4	12	42	10	13	7	11	38	5	12	82	9	71	35	10	128	52	13	1	11	15	27	28	36	32	28	65	78	45	25	45	16	30	3	62	34	16	17	45	1	3	18	9	29	0	22	34	107	6	16	51	13	19	29	5	1	67	27	47	9	7	24	70	22	25	34	4	42	37	6	3	39	25	1	46	4	0	23	26	5	67	1	12	0	0	82	4	14	11	31	5	3	5	0	8	24	43	37	3	3	9	2	13	0	0	0	0	8	1	4	4	15	37	28	2	17	0	12	58	9	2	28	36	41	80	19	22	54	1	6	0	0	0	19	2	2	2	9	25	30	40	0	19	16	2	4	11	0	10	1	3	11	4	23	0	0	14	7	0	6	17	17	37	5	5	32	22	5	7	43	9	0	6	45	16	57	14	2	11	3	5	24	6	2	5	19	0	4	9	76	0	19	12	3	21	43	38	24	134	26	59	26	55	0	6	9	0	13	3	0	6	0	4	3	40	99	0	0	2	40	51	2	24	36	8	37	129	0	2	14	16	2	30	12	21	1	10	5	12	1	0	0	0	1	6	0	0	0	7	292	16	17	8	0	5	25	7	0	24	31	2	9	0	8	38	8	3	39	0	7	11	4	0	20	6	6	10	3	10	2	0	2	0	2	46	20	45	17	19	119	11	12	13	6	53	3	3	0	2	11	9	0	14	3	1	5	6	0	1	6	6	75	7	1	14	5	0	1	2	2	4	3	0	9	39	23	3	8	17	25	34	15	4	1	28	44	8	7	2	7	0	34	25	0	27	32	24	5	15	37	9	26	0	11	17	1	26	9	28	0	9	1	16	18	22	2	60	14	1	9	23	65	10	1	28	40	4	2	25	5	18	39	4	2	3	4	1	14	8	5	2	31	11	12	6	3	17	3	55	19	5	7	121	28	51
tr::2-5	9	0	9	0	4	1	30	0	6	0	0	0	83	1	5	0	0	11	3	20	6	0	0	2	0	0	16	24	24	27	30	0	3	6	1	14	0	4	25	4	0	0	6	3	1	6	3	12	0	15	14	1	11	8	8	7	19	9	22	1	13	0	18	1	0	12	11	0	4	9	106	19	11	11	14	4	14	14	15	0	6	2	15	73	22	12	14	31	7	0	34	4	8	7	28	4	7	31	26	3	24	22	6	7	10	35	8	16	2	29	9	6	4	12	0	0	8	0	67	0	10	10	25	38	29	0	3	1	47	63	36	27	0	1	31	8	10	0	2	10	8	17	16	15	17	12	13	22	11	28	0	31	7	11	17	3	13	16	4	5	2	8	20	2	13	31	9	35	23	7	91	40	16	0	5	15	18	43	16	32	10	32	31	44	15	31	14	23	2	43	16	7	14	25	2	2	9	5	19	1	26	27	52	0	12	37	25	8	19	2	5	32	13	28	16	7	12	43	14	14	40	1	13	21	5	1	18	16	0	24	1	0	21	22	3	61	0	6	0	1	57	2	20	1	29	1	2	7	0	3	26	26	20	4	4	6	4	7	0	0	0	0	1	0	0	1	18	31	14	2	9	0	11	41	9	3	15	11	23	29	8	8	35	0	4	0	0	0	9	1	3	1	4	12	18	16	0	11	3	0	4	12	0	8	0	0	7	5	8	0	0	7	3	1	9	9	8	16	2	2	18	11	2	1	38	10	0	6	44	18	52	7	0	5	1	7	11	3	2	4	15	2	2	8	37	0	8	4	0	11	20	20	10	82	20	35	20	28	0	3	1	0	9	3	0	5	1	0	1	25	69	0	0	1	21	12	4	11	27	0	24	82	0	0	13	18	1	18	4	7	0	0	1	6	0	1	0	0	1	7	0	0	0	2	174	8	15	4	0	4	19	2	0	17	34	1	6	0	7	15	5	4	23	0	1	3	5	1	11	5	6	6	0	4	0	3	0	1	2	33	14	36	5	13	56	5	5	15	3	48	2	1	0	1	14	5	0	11	6	3	14	4	2	0	1	4	29	1	0	9	1	0	0	1	2	1	1	0	6	31	22	6	5	26	9	30	17	1	6	24	32	10	13	1	4	0	23	20	0	13	27	21	0	6	30	18	13	0	20	14	0	12	8	30	1	4	0	10	18	14	1	28	9	1	18	9	43	4	2	46	24	2	0	13	1	8	25	1	0	6	2	1	11	11	6	0	19	5	6	6	4	14	3	42	14	7	4	82	31	40
tr::>5	1	0	1	0	0	0	0	0	0	0	0	0	2	0	0	0	0	1	1	0	1	0	0	0	0	0	0	1	3	5	5	0	0	0	0	0	0	0	5	0	0	0	0	0	0	0	0	1	0	0	1	0	0	1	0	1	1	0	3	0	1	0	0	0	0	1	1	0	0	2	6	2	1	0	0	0	1	0	0	0	0	0	0	4	4	1	1	0	0	0	1	0	0	2	3	0	1	4	3	0	2	2	0	1	5	2	1	3	0	4	0	0	0	0	0	0	0	0	1	0	1	0	1	1	1	0	0	0	0	7	1	1	1	0	0	0	0	0	0	0	0	2	0	1	0	1	1	2	0	1	0	2	0	0	1	0	0	0	0	0	0	0	2	0	0	4	0	1	1	0	3	3	1	0	0	7	0	2	1	3	0	1	2	0	1	0	0	2	0	3	2	1	0	2	0	0	0	0	0	0	0	4	3	0	0	4	2	0	3	0	0	3	1	1	1	1	0	4	0	0	6	0	0	1	1	0	2	0	1	1	0	0	1	5	0	0	0	1	0	0	1	0	1	0	1	0	0	0	0	1	0	0	0	0	1	0	0	0	1	0	0	0	0	0	0	1	1	1	1	0	0	0	1	0	0	0	2	3	2	2	0	0	0	0	0	1	0	0	2	0	1	0	1	1	0	2	0	0	3	0	0	1	0	1	0	0	1	0	0	0	0	0	0	0	0	1	0	0	0	0	2	1	0	0	2	1	1	0	3	0	6	0	0	1	0	0	2	0	0	0	2	0	0	0	1	0	0	2	0	2	1	0	0	6	1	3	0	2	0	0	0	0	0	0	0	0	0	0	0	2	7	0	0	0	1	4	0	0	1	0	1	3	0	0	0	0	0	0	1	1	0	0	0	0	0	0	0	0	0	0	0	0	0	0	7	1	1	0	0	0	0	0	0	2	1	0	0	0	0	1	0	0	1	0	0	0	1	0	0	0	0	0	0	0	0	0	0	0	0	2	0	1	0	1	2	0	0	3	1	1	0	0	0	0	0	1	0	0	0	0	3	0	0	0	1	0	2	0	0	3	0	0	0	0	0	0	0	0	0	2	1	0	1	1	0	4	0	1	0	1	3	1	0	0	0	0	4	0	0	0	0	1	0	0	3	3	1	0	0	2	0	0	0	1	0	1	0	2	2	0	0	2	0	0	1	0	4	1	0	3	1	0	0	0	0	0	0	0	0	0	0	0	0	0	1	0	1	0	0	0	0	0	0	0	2	1	0	2	0	1
